msoa11cd,n_care_homes
E02004937,2
E02004936,2
E02004940,2
E02004939,1
E02004935,1
E02004934,3
E02004933,1
E02004938,1
E02004991,4
E02004989,5
E02004990,4
E02004992,2
E02004993,3
E02004981,5
E02004941,6
E02004899,4
E02004943,6
E02004942,2
E02004900,2
E02004929,1
E02004930,2
E02004932,1
E02004927,1
E02004928,0
E02004856,1
E02003651,2
E02004931,0
E02004923,3
E02004925,1
E02004926,4
E02004924,2
E02004887,0
E02004980,2
E02004982,1
E02004986,1
E02004879,1
E02004984,3
E02004985,1
E02004983,0
E02004987,2
E02004988,0
E02004994,0
E02006899,0
E02006896,2
E02001876,0
E02006895,1
E02006898,0
E02006897,0
E02001897,1
E02001896,0
E02001903,0
E02006901,1
E02001884,0
E02001904,6
E02006900,2
E02001889,1
E02001892,0
E02001909,1
E02001910,0
E02001908,0
E02001915,6
E02001916,2
E02001923,5
E02001919,7
E02001918,10
E02001914,3
E02001900,4
E02001930,0
E02001937,4
E02001931,0
E02001936,4
E02001941,2
E02001943,1
E02001933,3
E02001948,2
E02002101,2
E02001944,4
E02001947,2
E02001949,3
E02006700,8
E02006699,2
E02001890,7
E02001905,4
E02001913,5
E02001922,0
E02001901,0
E02001886,8
E02001879,3
E02002068,2
E02001875,1
E02001906,0
E02001921,1
E02001899,1
E02002076,0
E02001873,3
E02001865,0
E02001866,1
E02001861,5
E02001867,0
E02006809,5
E02001858,7
E02001860,0
E02001859,1
E02001850,2
E02001862,1
E02002065,2
E02002062,6
E02001849,1
E02001840,4
E02001846,1
E02001844,15
E02001848,2
E02001836,1
E02001857,9
E02001856,2
E02001852,2
E02001851,4
E02001854,3
E02001841,3
E02001855,2
E02001869,0
E02001870,3
E02001893,1
E02001902,0
E02002090,0
E02001898,0
E02001907,1
E02001888,3
E02001895,4
E02002089,10
E02002091,0
E02002093,4
E02001929,0
E02001924,1
E02006807,1
E02001934,1
E02002094,3
E02001925,5
E02001935,1
E02001927,3
E02001932,0
E02001939,2
E02001926,7
E02001942,4
E02001938,1
E02001946,1
E02001953,6
E02001945,1
E02001955,3
E02001950,2
E02001952,1
E02001957,2
E02006701,2
E02006704,6
E02001951,1
E02001956,3
E02006697,6
E02001920,1
E02001911,1
E02001928,3
E02001883,1
E02001872,2
E02001882,2
E02001881,0
E02001880,1
E02001871,2
E02001868,1
E02002083,1
E02002081,2
E02002084,3
E02002082,0
E02002085,0
E02001864,0
E02002087,0
E02002086,3
E02002088,2
E02001954,1
E02001830,6
E02001878,0
E02001842,0
E02001843,1
E02002053,1
E02001845,0
E02001828,2
E02001839,1
E02002054,1
E02002048,0
E02006810,1
E02002144,0
E02002148,0
E02001834,0
E02001837,1
E02001833,0
E02006703,4
E02006698,1
E02006473,5
E02006471,0
E02006474,3
E02006504,2
E02006709,2
E02006509,1
E02006755,1
E02006515,4
E02006510,3
E02006758,0
E02001863,0
E02006706,5
E02006707,0
E02006708,0
E02006748,5
E02006754,0
E02006705,2
E02006702,1
E02002035,2
E02002025,2
E02002042,1
E02002033,1
E02002029,2
E02002038,1
E02002077,3
E02002032,2
E02002031,0
E02002080,3
E02002019,0
E02002067,1
E02002017,3
E02002075,7
E02002069,0
E02002079,1
E02002072,2
E02002071,0
E02002064,7
E02002070,5
E02002073,1
E02002078,0
E02002074,3
E02002066,1
E02002063,1
E02002060,4
E02002058,2
E02002055,0
E02002052,4
E02002059,2
E02002061,1
E02002044,0
E02001835,9
E02001832,2
E02002141,0
E02002137,1
E02001829,0
E02006156,4
E02002131,0
E02001827,1
E02006157,2
E02001831,1
E02001838,2
E02001847,0
E02006221,0
E02006220,1
E02006225,1
E02006222,2
E02006469,3
E02006223,1
E02006219,0
E02006226,1
E02006224,0
E02006218,2
E02006468,5
E02006153,3
E02006217,6
E02005408,0
E02001877,0
E02001874,0
E02006506,2
E02006729,0
E02006721,0
E02006808,1
E02002109,1
E02002103,3
E02002098,1
E02002102,6
E02002107,1
E02002104,1
E02002099,1
E02002096,4
E02002095,3
E02002106,10
E02002097,1
E02002105,1
E02002092,2
E02006522,0
E02002108,1
E02006505,1
E02006733,0
E02006724,0
E02006726,1
E02006731,0
E02006728,4
E02006723,2
E02006732,2
E02006725,1
E02006727,0
E02006730,0
E02006722,0
E02002991,1
E02002993,1
E02002989,2
E02003001,2
E02002996,3
E02002994,2
E02006681,1
E02002997,1
E02003002,1
E02002992,2
E02002995,7
E02002990,0
E02002988,2
E02003113,1
E02006075,0
E02006079,3
E02006056,2
E02006059,2
E02006050,4
E02006053,2
E02006047,1
E02006049,1
E02006690,1
E02006048,0
E02006689,1
E02006692,2
E02006695,2
E02006693,1
E02006694,3
E02006669,0
E02006665,2
E02006691,5
E02006688,6
E02006684,5
E02006687,0
E02006686,2
E02006685,5
E02006683,2
E02006679,4
E02006639,2
E02006682,3
E02006060,2
E02006058,1
E02006057,4
E02003000,3
E02003006,0
E02002998,2
E02002999,0
E02003003,2
E02006090,4
E02006089,4
E02006086,3
E02006088,1
E02006092,1
E02006087,1
E02006094,1
E02006085,0
E02006091,3
E02006080,1
E02004270,2
E02006076,7
E02006083,1
E02004271,2
E02003009,1
E02003011,5
E02003008,2
E02006052,6
E02003007,1
E02003010,3
E02003005,0
E02006055,3
E02006051,4
E02006054,2
E02006063,0
E02006061,6
E02006072,2
E02006082,0
E02004258,4
E02002622,1
E02002620,0
E02002621,0
E02002625,3
E02005220,1
E02002632,0
E02005284,3
E02002617,1
E02005214,3
E02002615,2
E02005212,4
E02005277,1
E02002618,3
E02002616,3
E02005178,1
E02005182,5
E02005177,2
E02005176,1
E02005184,1
E02005252,4
E02005183,0
E02005251,3
E02005185,5
E02006881,7
E02005186,2
E02005181,1
E02005180,6
E02005179,3
E02005274,1
E02005247,1
E02005241,1
E02005240,2
E02005242,0
E02005748,3
E02005245,1
E02002619,6
E02002623,4
E02002624,1
E02002626,4
E02002627,2
E02005190,1
E02005288,1
E02002628,4
E02002630,2
E02002629,0
E02002631,1
E02005281,1
E02005279,4
E02005285,5
E02006884,5
E02005278,4
E02005217,2
E02005216,1
E02005218,6
E02005219,2
E02005215,7
E02005213,8
E02005276,1
E02005270,1
E02005271,4
E02005272,5
E02005273,1
E02005244,2
E02005243,2
E02005246,2
E02005250,0
E02005249,1
E02005248,2
E02002221,3
E02002226,1
E02002425,2
E02002223,0
E02002210,2
E02002217,2
E02002227,0
E02002230,0
E02002199,1
E02002209,0
E02002201,5
E02002208,0
E02002368,2
E02002356,1
E02002206,0
E02002203,0
E02002272,1
E02002275,3
E02002271,3
E02002239,3
E02002242,3
E02002241,2
E02002243,1
E02002273,1
E02002240,2
E02002231,3
E02002225,3
E02002246,0
E02002244,1
E02002229,3
E02002222,4
E02002213,0
E02002204,2
E02002218,1
E02002212,2
E02002197,2
E02002200,3
E02002192,3
E02002190,1
E02002188,0
E02002195,1
E02002219,1
E02002198,2
E02002202,2
E02002207,2
E02002211,6
E02002274,1
E02002279,3
E02002278,2
E02002258,0
E02002216,7
E02002214,0
E02002220,0
E02002186,10
E02002189,4
E02002196,1
E02002191,2
E02005749,7
E02002193,0
E02002194,0
E02002205,4
E02005747,3
E02005746,0
E02005745,1
E02005743,3
E02005744,2
E02005778,1
E02005742,2
E02002224,2
E02002395,1
E02002228,2
E02002234,1
E02002405,1
E02002235,0
E02002233,0
E02002238,0
E02002236,0
E02002232,1
E02002237,3
E02002215,0
E02003192,6
E02003188,8
E02003189,12
E02003202,1
E02003187,2
E02003190,8
E02003211,7
E02003186,2
E02003182,1
E02006883,4
E02003178,1
E02003176,1
E02003174,0
E02003183,8
E02003173,1
E02003180,0
E02003172,1
E02003177,1
E02003195,4
E02003200,1
E02003199,2
E02003194,1
E02003203,0
E02003210,2
E02003201,4
E02003204,4
E02003197,0
E02003198,2
E02003206,4
E02004267,1
E02003208,2
E02003209,1
E02003205,0
E02003207,2
E02004264,1
E02004263,1
E02004247,0
E02004265,3
E02003196,6
E02004254,1
E02004268,5
E02006885,4
E02003184,6
E02004266,0
E02004262,0
E02004252,3
E02004249,1
E02004251,1
E02004243,1
E02004244,1
E02004245,2
E02004788,6
E02004248,5
E02004253,6
E02004250,5
E02004236,2
E02004241,5
E02004240,0
E02004237,2
E02004242,2
E02004239,2
E02004238,4
E02004794,2
E02004246,4
E02004796,2
E02004790,3
E02004799,11
E02004798,6
E02004800,10
E02004793,5
E02003191,10
E02003185,1
E02003175,3
E02003179,1
E02003181,3
E02001019,0
E02001021,4
E02001027,4
E02001020,0
E02001034,5
E02000999,0
E02001005,4
E02001000,5
E02001015,2
E02000994,0
E02000998,4
E02000991,1
E02000988,3
E02001001,7
E02000995,3
E02001003,1
E02000986,1
E02000984,0
E02000990,1
E02000993,0
E02001002,0
E02000985,0
E02000989,0
E02000996,5
E02001030,1
E02001007,0
E02001036,0
E02001012,0
E02001010,1
E02001017,0
E02001008,2
E02001006,1
E02001004,0
E02001009,0
E02001013,3
E02001011,0
E02001016,1
E02001159,0
E02000997,3
E02001014,1
E02001018,0
E02000992,2
E02000987,4
E02005202,2
E02001023,2
E02001028,1
E02001024,3
E02001029,3
E02001026,3
E02001150,1
E02001032,2
E02001022,5
E02001025,4
E02001137,1
E02001035,0
E02001031,0
E02001037,3
E02001038,2
E02001033,0
E02003517,0
E02003514,1
E02003520,0
E02003519,0
E02003516,1
E02003510,7
E02003505,0
E02003504,2
E02003501,8
E02003493,3
E02003500,2
E02003498,2
E02003494,0
E02003523,8
E02003491,2
E02003496,0
E02006619,1
E02003492,0
E02004380,2
E02004384,6
E02004385,1
E02004388,3
E02006631,10
E02006627,1
E02006630,31
E02006602,2
E02006628,3
E02006551,5
E02006629,7
E02006632,7
E02006633,1
E02006549,4
E02006626,1
E02006623,5
E02006546,6
E02006622,5
E02006624,3
E02006621,3
E02006543,1
E02006625,0
E02006552,13
E02006539,2
E02006536,1
E02006540,1
E02006541,2
E02006538,2
E02006548,2
E02006550,4
E02006547,3
E02006545,2
E02006542,2
E02006544,10
E02006554,2
E02006566,4
E02006600,2
E02003521,4
E02003522,1
E02003508,0
E02003515,2
E02003512,0
E02003499,3
E02003507,2
E02004420,4
E02004367,8
E02004366,11
E02004364,8
E02004361,4
E02004359,4
E02004423,3
E02004363,20
E02004365,1
E02004357,1
E02004422,3
E02004362,1
E02006857,1
E02006858,0
E02004358,3
E02004356,2
E02004400,10
E02004391,8
E02004390,1
E02004389,9
E02004382,4
E02004415,5
E02004421,5
E02004419,4
E02004418,2
E02004417,5
E02004416,0
E02003509,7
E02003518,13
E02003506,2
E02003511,2
E02003513,8
E02003497,5
E02003503,3
E02003502,0
E02006537,4
E02006534,2
E02003495,0
E02006601,3
E02006603,2
E02006535,2
E02006598,2
E02006620,1
E02006617,5
E02006615,0
E02004383,1
E02004381,2
E02004379,3
E02006609,3
E02004409,3
E02004386,2
E02004387,0
E02000144,1
E02000134,4
E02000133,2
E02000148,0
E02000142,5
E02000146,4
E02006782,2
E02000137,5
E02006784,0
E02006783,1
E02000682,0
E02000678,0
E02000651,7
E02000138,1
E02000147,0
E02006789,1
E02000159,0
E02000160,1
E02000153,0
E02000152,1
E02000139,1
E02000132,1
E02006787,0
E02000130,0
E02000686,1
E02000150,0
E02000156,2
E02000218,0
E02000141,3
E02000151,0
E02000154,0
E02000157,0
E02000149,0
E02000140,1
E02000136,3
E02000145,0
E02000155,0
E02000158,0
E02000163,0
E02000161,4
E02000162,1
E02005094,1
E02005089,0
E02000128,2
E02000127,1
E02000344,2
E02005088,0
E02005087,1
E02005038,3
E02005091,2
E02006846,0
E02006887,0
E02003043,0
E02006889,0
E02003068,1
E02003036,1
E02003034,0
E02003050,3
E02003047,1
E02003015,0
E02003021,5
E02003013,3
E02003017,4
E02003012,6
E02003094,4
E02003020,5
E02003014,1
E02003019,3
E02003018,0
E02003098,0
E02003101,0
E02003091,1
E02003090,3
E02003093,1
E02003092,2
E02003100,3
E02003104,1
E02003107,2
E02003106,7
E02003062,1
E02003064,1
E02003063,0
E02003057,2
E02003059,0
E02003061,1
E02003077,0
E02003058,2
E02003004,4
E02003060,3
E02002985,5
E02003053,2
E02003117,4
E02003038,2
E02003115,5
E02003029,0
E02003116,4
E02003039,4
E02003032,2
E02003114,3
E02003120,1
E02003118,5
E02003119,6
E02003108,3
E02003044,4
E02003121,4
E02003041,0
E02003024,8
E02003023,4
E02003025,3
E02003030,3
E02003105,5
E02003111,7
E02003109,0
E02003112,0
E02003110,1
E02003102,2
E02003095,3
E02003099,1
E02003103,0
E02003096,1
E02003097,1
E02002986,1
E02002987,2
E02003054,6
E02003049,0
E02003088,2
E02003076,2
E02003078,2
E02003070,2
E02003073,1
E02003072,1
E02003075,2
E02003031,2
E02003065,1
E02003067,2
E02003066,1
E02003074,0
E02003071,6
E02003069,6
E02003080,1
E02006845,3
E02003079,0
E02003081,0
E02003085,1
E02003082,21
E02003084,18
E02003086,20
E02003089,1
E02003087,0
E02006062,12
E02003052,0
E02003051,0
E02003048,0
E02003055,0
E02003056,1
E02003046,0
E02006888,0
E02003033,1
E02006890,0
E02003040,4
E02003028,7
E02003022,1
E02003027,0
E02003016,1
E02003045,0
E02003037,1
E02003026,4
E02003994,5
E02003992,1
E02003996,1
E02003990,2
E02003997,1
E02003998,1
E02003999,2
E02004009,1
E02004008,1
E02004013,1
E02004010,2
E02004011,3
E02004012,0
E02004014,2
E02003976,2
E02003966,0
E02003971,2
E02003970,3
E02003969,5
E02003972,2
E02003975,7
E02003973,1
E02003974,4
E02004000,4
E02004003,3
E02003968,5
E02003967,1
E02004007,3
E02004006,1
E02003995,2
E02003991,2
E02004005,1
E02004001,1
E02004002,3
E02004004,2
E02003989,1
E02003993,2
E02003965,8
E02003987,3
E02003988,3
E02005727,1
E02005728,0
E02003728,2
E02003724,0
E02003242,1
E02003725,0
E02006873,0
E02003726,0
E02003730,3
E02003727,1
E02003729,0
E02003731,0
E02003785,1
E02003786,1
E02003781,1
E02003790,2
E02003791,0
E02004591,1
E02004592,2
E02003733,1
E02003740,4
E02004593,1
E02004594,3
E02004595,4
E02003723,0
E02003789,2
E02003788,0
E02003787,1
E02003777,2
E02003784,2
E02006874,0
E02003779,0
E02003783,1
E02003775,1
E02003776,4
E02003780,5
E02003739,2
E02003778,4
E02003736,0
E02003720,1
E02003770,3
E02003721,4
E02003722,2
E02003719,2
E02003734,5
E02003732,5
E02005568,0
E02003735,0
E02003752,2
E02003737,3
E02003738,0
E02006240,1
E02006243,1
E02006826,1
E02006825,0
E02006242,2
E02006282,1
E02006283,1
E02006286,2
E02006284,0
E02004446,0
E02006285,3
E02003803,1
E02003802,5
E02003797,6
E02003796,2
E02003801,1
E02003799,1
E02003809,2
E02003795,5
E02003805,2
E02003807,0
E02003804,0
E02003798,2
E02003847,0
E02003794,1
E02003849,1
E02001482,1
E02001490,0
E02001474,1
E02001473,2
E02001478,2
E02001480,12
E02003806,2
E02003810,1
E02003800,1
E02003840,2
E02001484,1
E02001503,5
E02001497,1
E02003841,2
E02003845,2
E02003808,0
E02001477,1
E02001481,6
E02001476,1
E02001487,1
E02001488,2
E02001486,12
E02001505,1
E02001493,4
E02001495,5
E02001498,0
E02001496,4
E02001485,2
E02001471,5
E02001468,12
E02001470,1
E02001469,1
E02001472,0
E02001467,6
E02001483,0
E02001475,0
E02001479,0
E02001492,3
E02001494,1
E02001489,0
E02001499,1
E02001500,0
E02001491,1
E02001506,1
E02001504,9
E02001501,3
E02001508,0
E02001502,8
E02001507,2
E02003842,2
E02003844,0
E02003843,1
E02003851,1
E02003848,2
E02003846,2
E02003850,1
E02003852,1
E02004560,8
E02004562,0
E02004494,2
E02004493,1
E02004492,0
E02004490,2
E02004491,0
E02004486,2
E02004495,1
E02004487,2
E02004529,0
E02004598,3
E02004599,2
E02004485,1
E02004488,2
E02004489,0
E02004426,1
E02004427,1
E02004424,2
E02004502,1
E02004429,1
E02004432,0
E02004425,1
E02004465,1
E02004472,2
E02004433,2
E02004468,3
E02004470,3
E02004466,1
E02004471,3
E02003299,1
E02004437,3
E02000470,2
E02004467,2
E02004469,0
E02004464,3
E02000465,0
E02004532,1
E02004531,2
E02004528,0
E02004536,2
E02004535,4
E02004527,1
E02004544,0
E02004550,1
E02004551,1
E02004548,0
E02004549,1
E02004553,0
E02004554,1
E02004547,1
E02004552,0
E02004895,1
E02004496,2
E02004499,0
E02004497,1
E02004498,1
E02004501,0
E02004545,1
E02004546,1
E02004888,3
E02004886,2
E02004596,1
E02004884,2
E02004885,1
E02004881,2
E02004880,1
E02004882,1
E02000189,0
E02004458,1
E02004463,4
E02004500,2
E02004556,2
E02004561,1
E02004503,0
E02004505,2
E02004504,1
E02004530,0
E02004597,1
E02004454,2
E02004453,1
E02004456,2
E02004455,2
E02004457,4
E02004452,6
E02004450,1
E02004459,2
E02004462,4
E02004461,0
E02004460,3
E02004557,3
E02004558,3
E02004559,1
E02004555,1
E02004524,4
E02004512,6
E02004525,3
E02004520,5
E02004575,5
E02004577,5
E02004509,7
E02004516,1
E02004521,3
E02004513,1
E02006922,6
E02006233,7
E02006232,0
E02006229,2
E02006234,2
E02006235,2
E02004447,0
E02006228,2
E02006227,1
E02006236,0
E02004573,3
E02004576,7
E02004574,1
E02004579,4
E02004580,5
E02004578,10
E02004589,9
E02004586,10
E02004588,16
E02004587,0
E02004590,2
E02004585,3
E02004582,0
E02004584,2
E02004583,5
E02004523,2
E02004517,5
E02004518,0
E02004508,4
E02004519,6
E02004514,4
E02004515,5
E02004507,5
E02004522,3
E02004506,3
E02004526,2
E02004451,10
E02004448,2
E02004581,8
E02004449,7
E02000229,2
E02000225,0
E02000223,0
E02000227,0
E02000215,4
E02000213,4
E02000220,9
E02000212,0
E02000221,5
E02000217,0
E02000206,2
E02000208,4
E02000203,4
E02000209,2
E02000850,2
E02000204,2
E02000858,1
E02000219,3
E02000216,4
E02000222,4
E02000226,1
E02000207,1
E02000210,0
E02000214,0
E02000211,0
E02006788,0
E02000228,5
E02000224,4
E02000230,16
E02000233,5
E02000235,3
E02000231,10
E02000234,6
E02000863,2
E02000237,2
E02006430,9
E02000232,1
E02006429,1
E02006431,3
E02000236,2
E02006378,4
E02006381,3
E02006432,4
E02006433,6
E02006790,1
E02000165,0
E02000702,2
E02000706,0
E02000707,1
E02000705,1
E02000701,1
E02000652,1
E02000695,1
E02000696,0
E02000710,6
E02000700,0
E02000840,4
E02000843,0
E02000196,4
E02000197,1
E02000202,4
E02000198,5
E02000195,2
E02000199,1
E02005023,3
E02005020,0
E02005025,3
E02006856,2
E02006855,3
E02005026,0
E02005141,4
E02005140,2
E02005133,1
E02005143,1
E02005137,1
E02005139,6
E02005145,2
E02005134,3
E02005142,3
E02005146,1
E02005148,2
E02005144,2
E02005147,2
E02005042,3
E02005048,5
E02005041,2
E02005045,0
E02005044,4
E02005043,7
E02005047,5
E02005049,5
E02005046,0
E02005052,7
E02005050,12
E02005054,2
E02005051,4
E02005102,2
E02005053,3
E02005109,10
E02005104,0
E02005103,3
E02006879,2
E02005106,3
E02006880,16
E02005107,10
E02005105,2
E02005019,8
E02005022,1
E02005021,2
E02005011,3
E02005027,8
E02005131,0
E02005110,6
E02005111,2
E02005112,6
E02004996,2
E02005017,4
E02005016,3
E02005014,1
E02005018,2
E02005013,2
E02005012,5
E02005010,10
E02005015,5
E02005138,11
E02005135,4
E02005136,4
E02005132,11
E02001988,5
E02001977,8
E02001996,1
E02001981,0
E02001985,0
E02001995,4
E02001964,0
E02001994,1
E02001966,1
E02001987,0
E02001974,2
E02001972,1
E02006477,5
E02006475,1
E02006472,4
E02006476,1
E02006479,4
E02006478,1
E02006470,4
E02005384,1
E02006483,3
E02006482,3
E02006480,0
E02006481,1
E02006486,2
E02006484,2
E02006485,1
E02006488,1
E02006492,5
E02006490,1
E02006806,6
E02006487,3
E02006489,0
E02001958,1
E02005380,3
E02005377,1
E02001970,1
E02001965,1
E02001961,0
E02001976,1
E02001975,1
E02001978,1
E02001973,1
E02001984,3
E02001990,3
E02006493,0
E02006497,3
E02006496,1
E02006494,3
E02006528,6
E02006500,5
E02006498,1
E02006499,0
E02006501,1
E02006503,2
E02006502,7
E02005619,2
E02006495,0
E02005621,1
E02006507,2
E02006508,2
E02006523,5
E02001992,1
E02001997,0
E02001998,0
E02001999,2
E02001991,6
E02006533,2
E02006531,0
E02006532,0
E02006525,6
E02006527,7
E02006530,2
E02006511,2
E02006524,1
E02006516,3
E02006529,2
E02006526,1
E02006518,2
E02006517,2
E02006512,6
E02006514,7
E02006513,2
E02006519,1
E02001993,2
E02001989,1
E02001982,2
E02001986,2
E02001983,2
E02001980,1
E02001979,1
E02001967,7
E02001971,0
E02001969,4
E02001963,0
E02001959,3
E02001968,0
E02006805,1
E02001962,1
E02006521,2
E02006520,1
E02003829,0
E02003831,3
E02003830,4
E02003836,3
E02003832,0
E02003826,3
E02003828,1
E02003827,1
E02003825,0
E02003837,2
E02003813,2
E02003814,0
E02003888,3
E02003822,2
E02003878,6
E02003885,1
E02003811,0
E02003886,3
E02003820,1
E02003819,2
E02003821,1
E02003816,2
E02003815,2
E02003817,2
E02003818,3
E02003872,0
E02006205,0
E02006207,3
E02003834,1
E02003838,0
E02003835,2
E02006170,1
E02003833,1
E02006162,2
E02006169,0
E02006173,0
E02006016,2
E02003812,3
E02003839,3
E02003870,4
E02003891,0
E02003884,3
E02003890,1
E02003889,3
E02003887,0
E02003879,2
E02003881,0
E02003883,0
E02003880,1
E02003875,0
E02003877,4
E02003876,1
E02003882,0
E02003859,9
E02005030,2
E02005035,2
E02005032,2
E02005036,0
E02005028,1
E02005039,3
E02005034,1
E02005037,0
E02000083,1
E02000081,1
E02000074,1
E02000078,1
E02000072,0
E02005029,2
E02005031,1
E02005056,6
E02005057,2
E02005059,4
E02005055,1
E02005058,1
E02005063,1
E02005060,2
E02005061,0
E02005067,0
E02005064,0
E02005065,0
E02005062,0
E02005066,1
E02005090,4
E02005150,2
E02005040,5
E02000091,4
E02000090,5
E02000088,0
E02000092,2
E02000089,3
E02000086,0
E02000342,0
E02000085,0
E02000082,0
E02000080,0
E02000340,0
E02000079,3
E02000073,0
E02000077,1
E02006785,0
E02000084,1
E02000329,1
E02000067,1
E02000069,1
E02000066,1
E02000070,0
E02000068,1
E02000071,2
E02000065,1
E02005033,1
E02005093,1
E02006832,0
E02000087,1
E02000075,0
E02002813,4
E02002808,3
E02002811,1
E02006134,3
E02002806,1
E02002803,0
E02002819,2
E02002824,1
E02002820,1
E02002802,5
E02002809,3
E02002816,1
E02004119,2
E02002807,2
E02002800,7
E02004052,3
E02004118,2
E02004126,5
E02004125,3
E02004124,1
E02004122,3
E02004123,2
E02006920,1
E02005404,1
E02006919,2
E02004128,6
E02006137,4
E02006135,0
E02006138,1
E02006141,1
E02006143,2
E02006147,2
E02006145,1
E02006136,3
E02006139,3
E02006140,8
E02006142,4
E02006144,5
E02002823,1
E02002821,2
E02002825,5
E02002798,1
E02002801,0
E02004120,1
E02002799,1
E02004081,1
E02004039,2
E02004043,3
E02002805,0
E02004082,4
E02004121,2
E02002796,0
E02002797,0
E02004044,4
E02002804,0
E02002812,9
E02002810,2
E02002817,3
E02002822,0
E02002818,5
E02002815,1
E02002814,5
E02004070,4
E02004069,1
E02004071,3
E02004073,2
E02004072,6
E02004075,1
E02004074,0
E02004035,1
E02004030,1
E02004114,2
E02004037,0
E02004038,5
E02004029,4
E02004034,1
E02004036,2
E02004033,7
E02004032,1
E02004117,2
E02004031,4
E02004053,2
E02004054,5
E02005829,3
E02004115,2
E02004076,2
E02004077,2
E02006210,0
E02006131,5
E02004080,9
E02005397,1
E02005401,0
E02002826,0
E02005398,0
E02005919,0
E02004088,2
E02004090,1
E02004086,2
E02004085,4
E02004087,2
E02004083,1
E02004084,2
E02006827,2
E02006906,2
E02006828,2
E02004040,1
E02004041,4
E02004078,1
E02004314,2
E02004312,1
E02004313,0
E02004315,2
E02004311,1
E02004295,1
E02004296,2
E02004310,1
E02004319,1
E02004318,2
E02004309,1
E02004308,2
E02004292,1
E02001707,6
E02001706,2
E02004290,0
E02004291,3
E02004293,3
E02004294,2
E02001800,1
E02001824,2
E02001823,1
E02001822,4
E02001820,1
E02001825,8
E02001826,0
E02001815,1
E02004326,2
E02004324,1
E02004323,4
E02004331,3
E02004336,2
E02004333,0
E02004335,1
E02004306,0
E02004307,2
E02004316,0
E02004317,2
E02004350,2
E02004303,3
E02004298,5
E02004304,4
E02004305,1
E02005732,6
E02004348,1
E02004299,5
E02004301,2
E02004302,2
E02004300,0
E02004297,2
E02001688,3
E02002566,3
E02002570,6
E02002567,1
E02002571,1
E02004345,3
E02002562,2
E02002568,3
E02002563,4
E02002561,2
E02002559,0
E02002560,1
E02004339,1
E02004344,0
E02002572,1
E02002569,2
E02005783,2
E02005786,0
E02005785,3
E02005782,0
E02005784,2
E02005754,3
E02005787,0
E02004346,0
E02004347,3
E02004353,3
E02004352,3
E02004349,2
E02004354,2
E02004355,1
E02004340,3
E02004338,2
E02004351,5
E02004337,3
E02004341,2
E02004343,7
E02004334,1
E02002573,3
E02002539,2
E02005752,0
E02002564,2
E02002565,2
E02004342,4
E02005753,5
E02005751,0
E02005790,1
E02005756,0
E02005755,4
E02001560,2
E02001557,10
E02001553,0
E02001561,2
E02001566,0
E02002768,0
E02005836,5
E02002771,3
E02005837,3
E02001576,0
E02005835,4
E02001574,0
E02001575,3
E02001577,2
E02005838,1
E02001571,0
E02001572,3
E02001597,2
E02001558,1
E02001573,1
E02001587,3
E02001570,3
E02001568,0
E02002725,5
E02005818,6
E02002723,8
E02002724,4
E02002721,2
E02002720,3
E02002701,2
E02002709,1
E02002754,2
E02001542,3
E02005816,2
E02002761,6
E02002755,3
E02002758,0
E02002767,0
E02002756,3
E02002760,3
E02002757,0
E02002753,5
E02002766,0
E02002751,2
E02002763,4
E02002762,4
E02002765,2
E02002769,0
E02002764,0
E02005493,7
E02002749,6
E02002759,7
E02002750,3
E02002752,0
E02001545,0
E02001556,0
E02001549,0
E02002770,3
E02005492,5
E02005495,3
E02005498,3
E02005497,4
E02005496,0
E02005849,7
E02005842,9
E02005839,0
E02005848,2
E02005844,2
E02001552,3
E02001555,2
E02001546,3
E02001564,0
E02001565,2
E02002728,0
E02002733,2
E02002736,1
E02002727,1
E02002741,10
E02002729,1
E02002732,4
E02002730,0
E02002731,0
E02002737,2
E02002744,2
E02002740,1
E02002738,0
E02002748,8
E02002746,2
E02002747,3
E02002734,3
E02002742,1
E02002745,3
E02002739,1
E02002743,0
E02002735,5
E02005424,2
E02005425,0
E02005494,3
E02002726,3
E02001567,3
E02001563,4
E02001562,2
E02001551,1
E02001548,2
E02001550,1
E02001540,2
E02001543,2
E02001559,2
E02001554,0
E02001530,0
E02001547,2
E02001544,1
E02001541,9
E02001539,0
E02004277,12
E02004278,2
E02004279,3
E02004272,5
E02004256,1
E02004260,2
E02004259,1
E02004261,4
E02004280,2
E02004275,1
E02004283,2
E02004281,1
E02004284,4
E02004282,6
E02004285,1
E02004286,4
E02004287,1
E02004288,0
E02004289,0
E02004274,2
E02004276,2
E02004273,4
E02004135,6
E02006098,1
E02004269,7
E02002010,4
E02002005,3
E02002009,0
E02002014,3
E02002012,7
E02002016,4
E02002008,3
E02002006,0
E02002004,2
E02002003,3
E02006770,3
E02006768,3
E02002036,1
E02006776,1
E02006773,5
E02006769,5
E02006772,5
E02006767,4
E02006696,3
E02006187,6
E02006771,1
E02006774,0
E02006775,3
E02006778,4
E02006013,3
E02006777,3
E02006014,3
E02006711,2
E02006780,2
E02006779,0
E02006753,1
E02006046,2
E02006043,2
E02006710,2
E02002024,2
E02002021,2
E02002001,0
E02002182,2
E02002002,2
E02002007,1
E02006186,6
E02006185,2
E02002051,2
E02002047,5
E02002049,1
E02002056,2
E02002057,2
E02002000,1
E02002026,0
E02002027,1
E02002030,3
E02002022,3
E02002020,5
E02002015,2
E02002013,3
E02002011,2
E02002018,1
E02002034,3
E02002040,4
E02002039,9
E02002037,0
E02002028,2
E02002023,0
E02002041,1
E02000885,0
E02000888,0
E02000889,0
E02000882,2
E02000879,2
E02000880,0
E02000884,0
E02000876,0
E02000878,0
E02000873,0
E02000874,0
E02000870,0
E02000872,0
E02000001,0
E02000371,0
E02000890,0
E02000914,3
E02000917,2
E02000920,1
E02000919,2
E02000913,1
E02000916,0
E02000912,0
E02000910,2
E02000918,5
E02000915,6
E02000764,6
E02000909,2
E02000768,0
E02000777,1
E02000922,2
E02000921,3
E02000726,1
E02000717,0
E02000716,2
E02000718,0
E02000715,1
E02000723,1
E02000728,0
E02000724,0
E02000739,0
E02000734,1
E02000735,0
E02000740,1
E02000743,0
E02000729,1
E02000730,1
E02000741,1
E02000744,0
E02000727,1
E02000732,0
E02000738,0
E02000742,1
E02000887,1
E02000891,0
E02000881,0
E02000883,0
E02000747,0
E02000894,0
E02006853,0
E02000893,0
E02006854,0
E02000877,0
E02000886,0
E02000719,2
E02000725,0
E02000722,1
E02000864,0
E02000362,1
E02000357,0
E02000733,0
E02000750,1
E02000749,2
E02000746,2
E02000748,0
E02000745,0
E02000905,1
E02000907,3
E02000911,0
E02000904,1
E02000906,0
E02000901,2
E02000902,0
E02000903,0
E02000908,0
E02000757,2
E02000759,2
E02000868,1
E02000865,3
E02000869,0
E02000369,1
E02000368,0
E02000867,0
E02000866,0
E02000875,1
E02000871,0
E02000896,2
E02000897,3
E02000898,3
E02000895,2
E02000899,2
E02000290,0
E02000900,3
E02000355,1
E02000359,0
E02000354,1
E02000361,1
E02000363,0
E02000350,0
E02006918,0
E02006921,1
E02000851,0
E02000360,0
E02000348,1
E02000345,0
E02000731,0
E02000736,3
E02000737,0
E02000714,0
E02000721,1
E02000720,0
E02000364,0
E02000365,0
E02000367,0
E02000565,1
E02000358,0
E02000366,0
E02000575,1
E02000192,0
E02000193,0
E02000574,1
E02000576,0
E02000573,1
E02000370,0
E02000977,0
E02000291,6
E02000292,2
E02000288,1
E02000300,3
E02000285,0
E02000284,3
E02000297,3
E02000293,4
E02000281,3
E02000280,1
E02000282,1
E02000278,4
E02004847,1
E02004845,3
E02004848,0
E02004846,2
E02004844,2
E02004843,1
E02000286,1
E02000289,0
E02004995,1
E02000294,2
E02000283,4
E02000279,1
E02000277,1
E02000287,2
E02000028,1
E02000296,5
E02000025,0
E02000024,3
E02004896,5
E02000029,0
E02000033,1
E02000026,2
E02000032,1
E02000031,5
E02000030,3
E02000027,6
E02004897,3
E02004898,3
E02004849,0
E02004853,3
E02004855,0
E02004851,1
E02004852,1
E02004850,0
E02004854,1
E02004533,2
E02004534,2
E02004156,3
E02004157,4
E02004155,0
E02004154,2
E02004152,3
E02004161,2
E02004134,2
E02004151,3
E02004159,0
E02004136,4
E02004141,3
E02004140,5
E02004137,2
E02004139,1
E02004132,1
E02004138,9
E02004133,5
E02004129,2
E02004130,3
E02004131,2
E02004166,1
E02006112,4
E02004170,4
E02004171,2
E02004169,1
E02004168,1
E02004167,1
E02004164,3
E02004165,2
E02004188,2
E02004173,6
E02006117,0
E02004174,4
E02004172,1
E02004231,1
E02004229,4
E02004187,2
E02004226,1
E02004162,4
E02004163,1
E02004142,1
E02004158,1
E02004160,4
E02004201,1
E02004202,5
E02004230,2
E02004232,3
E02004234,5
E02004228,4
E02004227,4
E02003932,4
E02003933,2
E02003934,2
E02003931,4
E02004182,0
E02004181,2
E02004180,2
E02004183,3
E02004186,0
E02004185,2
E02004223,4
E02004179,2
E02004178,1
E02004176,1
E02004184,4
E02004177,4
E02004175,6
E02006114,4
E02004225,4
E02004224,2
E02004221,9
E02004220,3
E02004222,0
E02004153,0
E02004149,2
E02004150,3
E02004203,3
E02004204,4
E02004205,4
E02004206,5
E02004208,4
E02004147,2
E02004148,13
E02004144,3
E02004146,2
E02004143,2
E02004145,3
E02005207,2
E02002642,6
E02002638,11
E02002645,3
E02002640,2
E02002637,2
E02002643,2
E02002646,3
E02002644,2
E02002647,3
E02002634,1
E02002635,5
E02002636,1
E02002633,4
E02005203,3
E02005332,0
E02002641,2
E02002639,0
E02002651,7
E02002649,10
E02005206,2
E02002650,2
E02002648,1
E02005329,5
E02005326,6
E02005321,2
E02005330,2
E02005328,1
E02005323,1
E02005331,6
E02005322,4
E02005319,1
E02005320,6
E02005208,19
E02005210,10
E02005211,5
E02005209,2
E02004642,2
E02004639,4
E02004637,12
E02004657,0
E02004649,4
E02004640,1
E02004650,3
E02004636,0
E02004638,4
E02004643,3
E02004644,4
E02004647,5
E02004655,3
E02004659,1
E02004654,5
E02004656,2
E02004653,6
E02004651,0
E02004660,4
E02004664,4
E02004661,0
E02004665,2
E02004662,4
E02004625,4
E02004630,13
E02004629,5
E02004634,2
E02004633,1
E02004635,2
E02004631,1
E02004632,2
E02004628,2
E02002927,10
E02004626,5
E02004627,1
E02004669,1
E02004671,2
E02006720,1
E02004667,2
E02004674,3
E02004648,0
E02004673,3
E02004672,1
E02004666,4
E02006717,2
E02006766,0
E02004668,0
E02004641,1
E02004645,3
E02004646,5
E02004618,0
E02004652,4
E02004658,0
E02004663,7
E02004603,0
E02004608,4
E02004607,2
E02004610,4
E02004606,9
E02004601,1
E02004600,1
E02004602,3
E02004604,2
E02004609,2
E02004612,0
E02004614,3
E02004624,1
E02004670,2
E02004605,0
E02004611,2
E02004613,2
E02004616,3
E02004617,1
E02004619,1
E02004615,2
E02005994,1
E02004622,2
E02004621,3
E02004620,1
E02004623,1
E02006886,3
E02006004,2
E02006644,0
E02006645,1
E02006648,1
E02006358,1
E02006350,0
E02006348,2
E02006356,1
E02006351,1
E02006354,3
E02006359,0
E02006357,2
E02006441,5
E02006360,9
E02006442,3
E02006439,0
E02006839,11
E02006353,2
E02006449,1
E02004700,3
E02006447,1
E02006444,3
E02004697,5
E02006440,0
E02004760,4
E02004758,3
E02004809,1
E02004811,3
E02004812,2
E02004808,4
E02006347,2
E02004813,1
E02004810,1
E02006427,3
E02006345,1
E02004759,5
E02004757,1
E02004755,2
E02004753,0
E02004754,0
E02004806,0
E02004807,2
E02004805,4
E02004803,1
E02004802,2
E02004804,0
E02006424,1
E02006422,1
E02006423,4
E02006420,6
E02006421,7
E02006419,2
E02006425,1
E02006417,3
E02003366,0
E02003365,2
E02003364,1
E02006426,3
E02004751,1
E02004752,0
E02003363,2
E02006418,2
E02006461,3
E02006416,0
E02003356,2
E02006355,0
E02006349,2
E02006352,0
E02006463,3
E02006464,0
E02006458,5
E02006465,3
E02006460,0
E02006467,1
E02006462,0
E02006459,1
E02006466,1
E02006457,4
E02006344,3
E02006346,2
E02006400,6
E02006397,5
E02006838,3
E02006455,9
E02004705,3
E02006454,2
E02006450,4
E02006453,2
E02006561,2
E02006564,3
E02006565,3
E02006562,0
E02006563,1
E02004708,0
E02004707,4
E02004706,11
E02004839,0
E02004704,1
E02004698,3
E02004699,3
E02004703,4
E02004691,4
E02004761,0
E02004702,6
E02006361,1
E02006446,0
E02006451,1
E02006445,2
E02006448,2
E02006443,1
E02000121,0
E02000239,0
E02000242,0
E02000111,3
E02000118,0
E02000248,0
E02000112,1
E02000105,5
E02000108,5
E02000100,1
E02000455,6
E02000452,7
E02000445,3
E02000453,1
E02000461,1
E02000456,2
E02000459,0
E02000451,3
E02000447,0
E02000460,0
E02000457,1
E02000438,4
E02000454,0
E02000462,0
E02000463,1
E02006795,1
E02006796,1
E02000096,5
E02006882,5
E02000098,2
E02000099,1
E02000095,0
E02000443,1
E02000437,3
E02000436,0
E02000440,1
E02000444,1
E02000449,1
E02000500,2
E02000503,0
E02000501,1
E02000498,0
E02000502,1
E02000497,2
E02000499,0
E02000448,1
E02000441,2
E02000495,4
E02004965,1
E02000494,4
E02004966,2
E02004963,2
E02000434,3
E02000442,0
E02000093,3
E02000433,1
E02000435,5
E02004908,2
E02000037,0
E02000047,1
E02000041,1
E02000044,0
E02000439,0
E02000036,2
E02000109,1
E02000104,6
E02000101,6
E02002299,4
E02002304,6
E02002312,2
E02002313,2
E02002309,6
E02002297,0
E02002320,1
E02002301,1
E02002318,3
E02002302,1
E02002305,0
E02002303,4
E02002315,0
E02002310,4
E02002307,2
E02002317,0
E02002295,3
E02002292,2
E02002268,2
E02002267,1
E02002300,1
E02002306,1
E02002269,4
E02002270,1
E02002322,0
E02002308,2
E02002311,7
E02002321,2
E02002314,1
E02002323,0
E02002326,1
E02002329,0
E02002325,4
E02002296,2
E02002262,1
E02002266,2
E02002254,2
E02002261,0
E02002328,3
E02001535,0
E02002319,2
E02002316,0
E02002327,5
E02002324,1
E02005779,7
E02005775,12
E02005773,4
E02005774,5
E02005771,0
E02005770,1
E02005780,7
E02005768,1
E02005767,4
E02005777,3
E02005781,2
E02005772,1
E02005766,0
E02005763,1
E02005764,6
E02005762,3
E02005761,1
E02005765,2
E02005769,2
E02005776,4
E02004870,5
E02004873,0
E02004865,0
E02004868,1
E02004866,1
E02004871,0
E02004864,0
E02004876,1
E02004869,1
E02004861,1
E02003714,1
E02003710,3
E02003713,1
E02003716,2
E02003693,1
E02003688,3
E02006823,6
E02003704,1
E02006824,2
E02003711,1
E02003715,0
E02003712,4
E02003708,0
E02003707,1
E02003702,1
E02003701,3
E02003703,1
E02003698,0
E02003705,0
E02003706,2
E02003709,0
E02003699,4
E02005962,1
E02005965,1
E02003697,2
E02003680,1
E02003676,2
E02003675,2
E02003696,1
E02003673,3
E02003666,3
E02003667,1
E02003674,0
E02003661,0
E02003663,2
E02003659,2
E02003672,4
E02005961,1
E02005936,1
E02003664,3
E02003662,1
E02004874,1
E02004872,0
E02004863,2
E02004862,2
E02004860,0
E02003665,1
E02003668,2
E02003658,1
E02003670,4
E02003669,1
E02003671,0
E02003657,1
E02004857,1
E02004858,0
E02003660,0
E02004859,0
E02003262,2
E02004877,3
E02004958,3
E02004875,2
E02004956,0
E02004867,2
E02003650,2
E02003679,2
E02003678,3
E02003677,3
E02003682,0
E02003681,4
E02003683,0
E02003686,8
E02004964,1
E02003685,0
E02003691,3
E02003687,2
E02002916,4
E02002915,9
E02002918,4
E02002922,2
E02002914,3
E02002912,3
E02002908,1
E02002911,4
E02002909,7
E02002924,1
E02002925,3
E02002919,2
E02002921,0
E02002920,1
E02002910,4
E02002917,1
E02002907,6
E02002906,3
E02002905,2
E02002923,7
E02002913,2
E02002926,5
E02002680,3
E02002677,2
E02002681,7
E02002710,2
E02002708,3
E02002711,4
E02002705,2
E02002717,2
E02006814,0
E02002704,0
E02002660,5
E02002697,2
E02002667,1
E02002714,1
E02002695,8
E02002693,3
E02002702,3
E02002722,6
E02002716,2
E02002712,10
E02002719,9
E02006813,2
E02002718,3
E02002715,3
E02002707,3
E02002706,3
E02002703,2
E02002700,3
E02002699,2
E02002696,1
E02002675,5
E02002676,2
E02002669,4
E02002666,3
E02002682,2
E02002678,2
E02002679,1
E02002663,2
E02002665,2
E02002670,0
E02002674,0
E02002656,1
E02002659,1
E02002654,0
E02002657,1
E02002655,5
E02002664,0
E02002652,7
E02002653,1
E02002658,6
E02002662,5
E02002671,3
E02002661,4
E02002673,1
E02002668,0
E02002672,2
E02002251,5
E02002253,1
E02002259,5
E02002255,2
E02002264,2
E02002248,2
E02002257,0
E02002260,0
E02002252,2
E02002250,0
E02002263,2
E02002247,2
E02002245,0
E02002249,3
E02000780,4
E02000779,7
E02000782,3
E02000781,1
E02006800,9
E02000783,0
E02006924,9
E02000773,1
E02000770,3
E02000776,4
E02000765,0
E02004538,4
E02004537,0
E02004540,0
E02004539,0
E02004541,3
E02000023,1
E02000020,0
E02000022,1
E02000019,1
E02000018,0
E02000016,0
E02000017,3
E02000012,1
E02000009,0
E02000767,3
E02000762,1
E02000763,0
E02000774,2
E02000772,5
E02006925,1
E02004542,3
E02000760,1
E02000758,0
E02000756,1
E02000753,1
E02000752,0
E02000751,5
E02004543,2
E02000754,1
E02000755,1
E02006251,2
E02006254,4
E02006256,3
E02006250,1
E02006249,4
E02006246,1
E02006245,1
E02006247,2
E02006231,4
E02006272,2
E02006297,1
E02006295,1
E02006296,1
E02006298,2
E02006258,2
E02006301,7
E02006300,0
E02006299,6
E02006294,5
E02006291,2
E02006292,2
E02006293,3
E02006288,2
E02006263,1
E02006267,0
E02006287,2
E02006270,3
E02006268,3
E02006269,2
E02006271,3
E02006266,0
E02006265,0
E02006262,2
E02006290,3
E02006289,2
E02006315,3
E02006316,3
E02006314,4
E02006257,0
E02006259,0
E02005608,4
E02005609,2
E02005610,4
E02006261,3
E02005611,5
E02006273,1
E02005516,1
E02005518,5
E02005517,0
E02005514,2
E02005519,1
E02005512,2
E02006274,2
E02006238,1
E02005511,4
E02005510,2
E02005508,2
E02005506,2
E02005569,1
E02006239,0
E02006280,3
E02006276,5
E02006278,2
E02006277,0
E02006241,3
E02006281,5
E02006279,2
E02006260,0
E02006255,0
E02006252,3
E02006253,1
E02006264,1
E02006275,0
E02006248,3
E02006230,4
E02006237,2
E02000606,1
E02000805,3
E02000604,0
E02000602,0
E02000601,0
E02000607,1
E02000603,1
E02000600,1
E02000804,3
E02006325,1
E02006331,1
E02006329,2
E02006319,2
E02006333,2
E02006334,3
E02006330,2
E02006332,5
E02006367,1
E02006366,2
E02006323,0
E02006326,2
E02006327,1
E02006324,3
E02006328,3
E02006415,1
E02006320,0
E02006399,2
E02006402,1
E02006456,4
E02006401,2
E02006396,2
E02006398,0
E02006342,5
E02006837,5
E02006341,1
E02006338,4
E02006337,0
E02000847,1
E02000845,1
E02006375,5
E02006377,4
E02006836,10
E02006343,5
E02006379,0
E02006369,2
E02006362,0
E02006380,5
E02000617,2
E02006336,3
E02006335,1
E02006339,4
E02000616,0
E02000598,0
E02000795,0
E02000599,6
E02006363,5
E02006365,5
E02006364,4
E02006370,3
E02006368,3
E02000605,4
E02000609,4
E02000708,1
E02000704,2
E02000612,4
E02000614,0
E02000848,0
E02000610,7
E02000608,2
E02000611,0
E02000613,6
E02006322,0
E02000615,0
E02006321,5
E02006318,3
E02006317,1
E02000806,3
E02001383,1
E02006933,1
E02006932,0
E02001396,1
E02001342,6
E02001330,2
E02001351,2
E02001347,4
E02001454,0
E02001455,1
E02001449,1
E02001350,3
E02001353,0
E02001367,2
E02001356,1
E02001357,4
E02001362,1
E02001361,0
E02001359,1
E02001354,0
E02001372,5
E02001375,1
E02001363,0
E02001366,3
E02001373,0
E02001384,0
E02001374,2
E02001378,4
E02001381,1
E02001376,0
E02001380,0
E02001365,2
E02001371,3
E02001340,1
E02001338,1
E02001382,0
E02001334,0
E02001394,5
E02001385,2
E02001388,2
E02001387,0
E02001393,0
E02001386,1
E02001392,0
E02001399,0
E02001398,2
E02001389,1
E02001402,3
E02001395,1
E02001400,3
E02001403,0
E02001401,0
E02001404,0
E02006934,0
E02001465,3
E02001463,4
E02001466,4
E02001349,3
E02001368,3
E02001462,2
E02001360,2
E02001464,1
E02001461,0
E02001355,0
E02001358,1
E02001459,0
E02001452,1
E02001460,7
E02001458,2
E02001456,2
E02001453,1
E02001450,3
E02001448,2
E02001444,2
E02001405,2
E02002581,2
E02001346,0
E02001397,1
E02001344,2
E02001391,2
E02001345,0
E02001343,0
E02001332,1
E02001369,0
E02001377,1
E02001451,2
E02001457,1
E02001348,2
E02001331,1
E02001446,1
E02001445,1
E02001447,3
E02005311,0
E02001328,1
E02005306,2
E02001329,1
E02001327,0
E02001333,1
E02001337,2
E02001336,1
E02001335,2
E02001423,1
E02001414,0
E02001426,3
E02001428,3
E02001339,0
E02001341,3
E02001424,3
E02001427,0
E02002574,1
E02001441,2
E02001442,3
E02001443,3
E02005309,4
E02005310,2
E02005315,4
E02001364,4
E02001370,2
E02001352,0
E02005307,4
E02005305,3
E02005195,3
E02005199,0
E02005308,3
E02005312,0
E02001390,2
E02005234,1
E02005233,2
E02005237,4
E02005231,0
E02005223,3
E02006871,4
E02005235,0
E02005225,0
E02005239,2
E02005238,1
E02005230,0
E02004023,3
E02004019,4
E02004027,6
E02004021,2
E02004026,5
E02003977,1
E02004028,1
E02004022,0
E02003979,4
E02003982,1
E02003986,0
E02003983,1
E02003978,1
E02003984,1
E02003981,2
E02003980,0
E02003985,1
E02005324,5
E02005222,1
E02004015,1
E02004016,1
E02005228,1
E02005229,8
E02005226,5
E02005236,4
E02005224,8
E02004025,6
E02005221,3
E02004024,1
E02004018,4
E02004017,2
E02004020,3
E02006044,2
E02006851,0
E02006850,1
E02002844,0
E02005336,0
E02002836,0
E02002834,0
E02002856,11
E02002849,9
E02005388,0
E02005386,8
E02005385,0
E02005387,1
E02005389,1
E02005390,0
E02005344,2
E02005342,1
E02005347,6
E02005346,3
E02005348,1
E02005351,1
E02005345,0
E02005352,1
E02005354,2
E02005353,1
E02005349,3
E02005920,4
E02005917,1
E02005356,5
E02005358,2
E02005357,4
E02005355,2
E02005360,2
E02005350,9
E02005405,1
E02005395,2
E02005394,4
E02005392,1
E02005391,0
E02005396,2
E02005393,1
E02005368,1
E02005915,1
E02002865,2
E02002864,2
E02002863,2
E02002866,2
E02002867,4
E02005629,1
E02005374,2
E02005371,3
E02005373,1
E02005375,3
E02005639,3
E02005612,5
E02005376,1
E02005372,1
E02005414,12
E02006818,1
E02005416,0
E02005415,2
E02005343,1
E02005340,2
E02005339,0
E02005338,2
E02005337,1
E02005341,3
E02002843,4
E02002847,2
E02002848,2
E02002853,3
E02006817,1
E02006911,2
E02002858,7
E02006816,1
E02005369,2
E02002851,2
E02005412,4
E02002861,3
E02002857,4
E02002860,6
E02002855,1
E02002862,4
E02002846,3
E02002832,4
E02002854,3
E02006819,3
E02002852,0
E02005382,3
E02005335,6
E02005334,2
E02002842,1
E02002838,2
E02006820,3
E02005378,0
E02002830,2
E02002829,4
E02002827,1
E02005364,0
E02005363,2
E02002828,1
E02002833,0
E02002831,2
E02002837,2
E02002835,0
E02005365,2
E02002839,2
E02006815,6
E02005359,2
E02002845,4
E02005399,1
E02005379,1
E02005406,5
E02005409,2
E02005400,2
E02005407,1
E02005403,3
E02005402,3
E02005361,4
E02005362,2
E02005366,1
E02005381,3
E02005370,1
E02005383,4
E02006023,3
E02005446,2
E02005444,5
E02005449,3
E02005500,4
E02005896,3
E02005499,3
E02005442,2
E02005430,1
E02005439,5
E02005459,3
E02005426,6
E02005427,8
E02005432,5
E02005428,9
E02005431,10
E02005429,4
E02005433,2
E02005445,0
E02005447,6
E02005443,3
E02005501,1
E02005502,7
E02005434,3
E02005457,3
E02005453,3
E02005456,3
E02005458,5
E02005460,9
E02005464,3
E02005441,1
E02005422,0
E02005455,7
E02005451,5
E02005452,3
E02005450,2
E02005448,0
E02006867,1
E02006866,4
E02006875,0
E02002400,1
E02002411,3
E02002362,3
E02002384,2
E02006876,2
E02002385,0
E02002374,0
E02002370,1
E02002419,1
E02002394,1
E02002392,0
E02002414,1
E02002331,6
E02002421,1
E02002399,1
E02002429,2
E02002423,1
E02002428,1
E02002430,2
E02002434,3
E02002422,2
E02002420,1
E02002415,0
E02002410,3
E02002407,2
E02002396,4
E02002388,1
E02002409,1
E02002412,1
E02002381,1
E02002380,1
E02002375,0
E02002387,0
E02002391,3
E02002397,1
E02002369,1
E02002364,3
E02002358,1
E02002351,1
E02002359,0
E02002335,0
E02002398,0
E02002390,0
E02002389,1
E02002379,0
E02002402,2
E02002401,0
E02002416,2
E02002386,1
E02002348,2
E02006852,1
E02002345,1
E02002346,0
E02002342,0
E02002350,1
E02002336,1
E02002341,0
E02002360,1
E02002347,2
E02002344,0
E02002354,1
E02002352,1
E02002353,1
E02002349,1
E02002357,3
E02002339,1
E02002340,0
E02002343,0
E02002338,1
E02002393,1
E02002337,1
E02002333,3
E02002332,0
E02002185,1
E02002330,0
E02002334,1
E02005809,0
E02005810,1
E02002433,2
E02002403,6
E02002406,1
E02002417,1
E02005812,2
E02005817,1
E02002418,0
E02002432,3
E02002427,1
E02002426,1
E02002444,2
E02002435,1
E02002424,3
E02002431,1
E02002183,2
E02002408,3
E02002184,6
E02002187,0
E02006861,4
E02002383,0
E02002373,2
E02002367,1
E02002371,3
E02002363,4
E02002377,1
E02002361,3
E02002366,6
E02002376,2
E02002382,1
E02002404,2
E02003275,2
E02003276,4
E02003274,9
E02003278,6
E02003272,0
E02003273,0
E02003277,2
E02003269,1
E02003261,4
E02003258,1
E02003264,2
E02003636,2
E02003265,0
E02003271,0
E02004922,2
E02003267,1
E02003263,3
E02003259,0
E02003268,4
E02003260,0
E02003270,0
E02003266,1
E02003645,2
E02003637,2
E02003648,1
E02003647,5
E02003644,4
E02003646,0
E02003642,0
E02003615,6
E02003649,1
E02003640,1
E02003643,0
E02003639,2
E02003638,2
E02003641,0
E02003607,1
E02006902,0
E02006912,0
E02006914,0
E02006917,0
E02001062,1
E02001055,7
E02001049,2
E02001051,2
E02001047,3
E02001125,1
E02001056,2
E02001059,1
E02001057,1
E02006913,1
E02001053,3
E02001061,1
E02001240,0
E02001064,2
E02001071,2
E02001066,4
E02001075,3
E02001067,1
E02001070,3
E02001076,0
E02001063,0
E02001068,0
E02001069,1
E02001074,5
E02001087,0
E02001080,0
E02001079,1
E02001259,2
E02006916,0
E02001072,4
E02001073,2
E02001261,0
E02001262,0
E02001264,0
E02001266,1
E02001254,1
E02001184,0
E02001260,0
E02001178,0
E02001177,4
E02001065,1
E02001078,1
E02001085,0
E02001089,2
E02001084,1
E02001199,1
E02001192,2
E02001188,1
E02001082,1
E02001083,2
E02001086,4
E02001090,2
E02001077,0
E02001041,1
E02001081,0
E02001276,2
E02001269,0
E02001097,2
E02001096,0
E02001093,2
E02001094,0
E02001095,1
E02001211,4
E02001092,1
E02001088,4
E02001091,1
E02001280,2
E02001279,1
E02001155,5
E02001156,0
E02001112,0
E02001154,2
E02001152,2
E02001148,2
E02001153,1
E02001151,5
E02001040,2
E02001048,1
E02001044,3
E02001167,0
E02001042,2
E02001043,2
E02001039,0
E02001170,1
E02001165,0
E02001168,2
E02001162,1
E02001161,0
E02001164,0
E02001171,1
E02001163,1
E02001174,3
E02001173,0
E02001160,0
E02001157,1
E02001315,0
E02001169,3
E02001158,1
E02001309,2
E02001303,0
E02001308,2
E02001313,2
E02001311,0
E02001314,0
E02001320,1
E02001317,3
E02006915,0
E02001182,1
E02001176,5
E02001183,5
E02001181,0
E02001186,0
E02001185,2
E02001175,0
E02001267,5
E02001268,7
E02001263,2
E02001265,1
E02001275,3
E02001270,4
E02001273,3
E02001272,2
E02001274,9
E02001271,0
E02001278,1
E02001277,1
E02001249,0
E02001253,1
E02001257,1
E02001252,0
E02001247,2
E02001242,2
E02001241,1
E02001238,1
E02001129,2
E02001131,0
E02001130,1
E02001239,1
E02001128,0
E02001127,0
E02001179,1
E02001180,0
E02001172,7
E02001166,5
E02001052,4
E02001050,2
E02001045,1
E02001046,4
E02003327,3
E02003318,1
E02003328,1
E02003330,2
E02003339,4
E02003337,4
E02003334,2
E02003346,2
E02005149,4
E02003324,0
E02005124,0
E02005126,7
E02005123,5
E02005127,1
E02005121,6
E02005125,0
E02005130,3
E02005119,1
E02005128,2
E02005115,3
E02005116,0
E02005117,4
E02005118,3
E02005120,4
E02005129,4
E02005078,3
E02004997,5
E02005071,0
E02005082,1
E02005073,8
E02005069,2
E02005068,1
E02005072,1
E02005074,3
E02005077,1
E02005083,1
E02005081,0
E02005079,4
E02005076,2
E02005085,0
E02005080,1
E02005070,4
E02005075,1
E02005153,2
E02005084,1
E02005155,0
E02005156,1
E02006833,1
E02005151,0
E02003341,0
E02003321,2
E02003319,9
E02003317,3
E02003316,0
E02003314,2
E02003315,0
E02003320,0
E02003335,3
E02003333,1
E02003340,2
E02003347,0
E02003350,1
E02003344,0
E02003329,3
E02003332,5
E02003348,3
E02003351,1
E02003325,1
E02003322,1
E02003323,1
E02003326,5
E02003336,0
E02003343,1
E02003338,0
E02003342,4
E02003349,2
E02003331,0
E02005122,3
E02003345,0
E02003481,0
E02003488,0
E02003485,2
E02003476,3
E02003467,3
E02003469,0
E02003471,0
E02003472,1
E02003490,2
E02003482,3
E02003465,0
E02003473,0
E02003653,2
E02003477,4
E02003479,0
E02003489,3
E02003475,3
E02003474,1
E02003468,1
E02003470,0
E02003463,1
E02003466,0
E02003460,2
E02003484,1
E02003464,0
E02003462,2
E02003461,3
E02003483,2
E02005682,1
E02003654,1
E02003652,3
E02003656,3
E02003605,1
E02003480,1
E02003655,3
E02005931,3
E02005688,0
E02003487,0
E02003486,3
E02003627,10
E02003628,3
E02003625,18
E02003630,1
E02003621,1
E02003633,5
E02003619,6
E02003624,12
E02003620,2
E02003629,1
E02003626,1
E02003623,2
E02003622,0
E02003618,3
E02003634,2
E02003631,4
E02003632,2
E02003610,2
E02003617,1
E02003459,2
E02003635,0
E02003616,3
E02003767,1
E02003602,0
E02003613,3
E02003614,2
E02003606,0
E02003609,2
E02003478,3
E02000572,0
E02000568,0
E02000187,0
E02000570,0
E02000566,0
E02000569,0
E02000567,0
E02000571,3
E02000184,0
E02000045,0
E02000413,2
E02000410,1
E02000417,1
E02000050,1
E02000405,0
E02000400,1
E02000418,0
E02000426,2
E02000308,1
E02000304,3
E02000038,10
E02000312,2
E02000397,1
E02000042,8
E02000035,4
E02000043,4
E02000040,0
E02000034,1
E02000305,9
E02000298,6
E02000311,1
E02000302,2
E02000307,0
E02000401,0
E02000295,2
E02000422,2
E02000423,1
E02000415,2
E02000427,1
E02000419,0
E02000561,0
E02000420,1
E02000409,2
E02000414,0
E02000421,1
E02000407,4
E02000425,0
E02000428,1
E02000347,4
E02000346,3
E02000554,0
E02000352,1
E02000353,0
E02000356,0
E02000562,1
E02000408,1
E02006794,1
E02000398,1
E02000411,1
E02000309,3
E02000402,0
E02000404,1
E02006793,1
E02000303,2
E02000306,0
E02000555,3
E02000557,1
E02000556,1
E02000168,3
E02000174,0
E02000563,1
E02000166,0
E02000056,2
E02000052,0
E02000403,1
E02000412,2
E02000406,0
E02000046,1
E02000048,1
E02000051,0
E02000058,0
E02000432,0
E02000351,0
E02000559,0
E02000558,2
E02000430,1
E02000424,0
E02000564,0
E02000431,0
E02000429,0
E02000560,0
E02000180,1
E02000416,0
E02000126,1
E02000301,1
E02000299,1
E02001731,0
E02001714,3
E02001730,0
E02001715,2
E02001736,7
E02001693,1
E02001684,1
E02006841,2
E02001696,1
E02001755,2
E02001695,0
E02001699,1
E02001702,2
E02001787,1
E02001692,0
E02001700,2
E02001691,1
E02001694,0
E02001690,3
E02001749,1
E02001751,2
E02001745,0
E02001744,1
E02001709,2
E02001739,1
E02001756,2
E02001741,0
E02001746,0
E02001762,0
E02005722,1
E02001708,4
E02005725,3
E02001713,4
E02001711,3
E02005726,0
E02005729,2
E02001726,1
E02001732,0
E02001734,4
E02001728,2
E02001721,3
E02001682,1
E02001686,4
E02001698,1
E02001705,1
E02005731,2
E02005705,2
E02005733,3
E02001724,3
E02001720,2
E02001712,4
E02001729,1
E02001703,0
E02001685,0
E02005740,5
E02005741,3
E02005738,0
E02005712,1
E02005739,2
E02005715,4
E02005716,4
E02005714,0
E02005719,0
E02005718,0
E02005717,3
E02005710,5
E02005709,6
E02005711,1
E02005713,0
E02001738,0
E02001752,0
E02001740,1
E02001742,1
E02001743,13
E02001750,1
E02001747,1
E02001748,0
E02001765,3
E02001763,0
E02001764,2
E02001767,4
E02001766,0
E02001727,0
E02001761,1
E02001758,0
E02001759,2
E02001760,1
E02001757,0
E02001754,3
E02001710,3
E02001718,1
E02001753,0
E02001777,3
E02001776,3
E02001774,3
E02001782,2
E02001784,1
E02001779,1
E02001788,1
E02001781,0
E02001769,2
E02001770,3
E02001773,0
E02001768,4
E02001772,1
E02001780,0
E02001725,1
E02001771,2
E02001778,3
E02001783,0
E02001775,2
E02001785,0
E02001786,0
E02001789,0
E02001790,0
E02001797,1
E02001799,1
E02001809,1
E02001810,0
E02001807,2
E02001723,1
E02001683,2
E02005730,5
E02001722,1
E02006893,1
E02001733,6
E02001719,0
E02001735,2
E02001737,1
E02005723,1
E02005721,3
E02005724,1
E02005720,8
E02005737,2
E02005735,1
E02005736,1
E02005734,4
E02005704,2
E02005702,3
E02005703,4
E02005708,1
E02005707,3
E02001689,7
E02006842,3
E02001701,4
E02001697,3
E02001704,1
E02002890,1
E02002896,0
E02006904,3
E02002895,0
E02006905,0
E02002889,7
E02002882,8
E02004089,1
E02004091,4
E02005864,1
E02004092,0
E02002902,2
E02005916,5
E02005912,3
E02002901,2
E02005880,0
E02002903,1
E02002904,1
E02005908,7
E02005907,3
E02005914,2
E02005911,2
E02005913,1
E02005918,0
E02005906,1
E02005477,1
E02005479,4
E02005904,4
E02005872,5
E02005876,3
E02005905,3
E02005897,1
E02005866,2
E02005828,3
E02005827,2
E02005865,4
E02005832,6
E02005834,5
E02005833,1
E02005853,1
E02005831,3
E02005851,4
E02005852,1
E02005850,5
E02005830,1
E02005823,9
E02005824,3
E02005822,6
E02005821,3
E02005820,0
E02005819,1
E02005889,2
E02005825,4
E02005826,3
E02006835,2
E02005887,6
E02005892,6
E02005888,5
E02005883,1
E02005884,3
E02005886,2
E02005890,2
E02005891,3
E02005898,8
E02005882,3
E02005885,3
E02004051,2
E02005881,4
E02002898,1
E02005860,7
E02002891,3
E02005879,0
E02005909,2
E02005910,8
E02004050,3
E02004048,2
E02004046,3
E02005894,5
E02005895,1
E02005899,3
E02005893,3
E02005900,1
E02005901,4
E02005476,1
E02005903,1
E02005902,2
E02002888,0
E02002883,3
E02002877,6
E02005873,5
E02005874,2
E02005871,1
E02005869,1
E02005875,1
E02002892,1
E02005877,1
E02005878,1
E02005481,5
E02005478,6
E02005480,0
E02005482,0
E02005484,1
E02005461,3
E02005487,2
E02005483,4
E02005462,3
E02005463,1
E02005870,4
E02002884,7
E02002879,2
E02002874,3
E02002875,1
E02002876,0
E02002868,0
E02006834,1
E02002873,4
E02005868,1
E02002871,3
E02002872,2
E02002869,3
E02002894,2
E02002893,1
E02002899,1
E02002885,1
E02002886,0
E02002897,0
E02005856,2
E02005858,2
E02002881,3
E02002887,4
E02002878,2
E02002880,0
E02005861,2
E02005863,3
E02005862,1
E02005857,0
E02005859,0
E02005670,0
E02005674,4
E02005672,0
E02005671,6
E02005662,2
E02005664,12
E02005677,0
E02005661,1
E02005655,3
E02005669,4
E02005637,4
E02005636,8
E02005638,4
E02005635,3
E02005625,4
E02005624,1
E02005627,0
E02005628,3
E02005686,3
E02005687,3
E02005626,1
E02005684,3
E02005685,2
E02005683,6
E02005690,4
E02005689,4
E02005691,0
E02005614,4
E02005631,2
E02005649,4
E02005692,0
E02005641,0
E02005645,8
E02005640,5
E02005632,4
E02005630,2
E02005648,3
E02005646,0
E02005647,3
E02005643,0
E02005644,10
E02005642,6
E02005616,0
E02005613,1
E02005615,1
E02005617,0
E02006863,2
E02006862,0
E02005660,0
E02005657,3
E02005658,1
E02005652,7
E02005650,2
E02005623,2
E02005701,4
E02005700,1
E02005695,3
E02005651,4
E02005656,0
E02005653,1
E02005659,1
E02005665,2
E02005654,0
E02005679,1
E02005680,2
E02005678,2
E02005676,0
E02005675,0
E02005681,1
E02005668,2
E02005673,3
E02005666,1
E02005663,0
E02005667,3
E02005622,0
E02005620,2
E02005697,8
E02005634,4
E02005699,1
E02005694,3
E02005698,2
E02005696,2
E02005693,1
E02005633,5
E02006907,2
E02006908,1
E02005532,3
E02005590,2
E02005535,5
E02005587,2
E02005596,1
E02005594,4
E02005602,2
E02005586,3
E02005584,3
E02005523,7
E02005524,1
E02005526,3
E02005522,4
E02005521,2
E02005525,10
E02005507,4
E02005520,3
E02005581,4
E02005579,8
E02005575,0
E02005570,8
E02005574,4
E02005576,4
E02005583,5
E02005582,3
E02005528,1
E02005527,7
E02005533,4
E02005537,2
E02005536,4
E02005539,5
E02005606,0
E02005531,2
E02005604,4
E02005605,5
E02005607,3
E02005601,1
E02005515,3
E02005513,7
E02005603,2
E02005598,3
E02005600,3
E02005505,9
E02005503,3
E02005504,2
E02005595,3
E02005592,3
E02005589,2
E02005593,1
E02005585,0
E02005577,3
E02005578,0
E02005571,3
E02005580,5
E02005552,1
E02005573,0
E02005572,11
E02005538,7
E02005542,2
E02005544,2
E02005529,2
E02005543,5
E02005541,2
E02005540,1
E02005545,3
E02005546,1
E02005547,2
E02005548,2
E02005550,2
E02005549,6
E02006302,4
E02006305,2
E02006308,8
E02006306,1
E02006303,1
E02006304,1
E02006307,3
E02006313,2
E02006309,3
E02006310,1
E02006312,0
E02006311,4
E02005599,2
E02005597,1
E02005588,4
E02005530,3
E02005534,0
E02000186,0
E02000188,0
E02000190,0
E02000191,0
E02000972,0
E02000970,0
E02000183,0
E02000967,0
E02000960,0
E02000971,0
E02000968,0
E02000974,0
E02000177,1
E02000172,1
E02000106,2
E02000113,0
E02000102,2
E02000123,0
E02000252,1
E02000119,2
E02000116,1
E02000110,1
E02000122,1
E02000114,1
E02000117,2
E02000125,0
E02000124,1
E02000372,0
E02000577,0
E02000060,5
E02000061,3
E02000064,1
E02000063,1
E02000062,0
E02000057,2
E02000107,0
E02000059,3
E02000170,1
E02000115,1
E02000178,0
E02000103,2
E02000167,0
E02000169,1
E02000173,0
E02000171,0
E02000176,0
E02000179,1
E02000182,1
E02000175,0
E02000054,5
E02000055,0
E02000053,3
E02000181,0
E02000185,1
E02000964,1
E02000961,0
E02000965,1
E02000120,0
E02000039,0
E02000049,0
E02000962,0
E02000094,1
E02000097,0
E02001119,8
E02001121,2
E02001111,1
E02001115,4
E02001113,1
E02001107,0
E02001105,1
E02001108,2
E02001116,1
E02001106,4
E02001109,2
E02001104,1
E02001100,2
E02001103,0
E02001149,0
E02001142,2
E02001143,3
E02001146,3
E02001141,1
E02001147,1
E02001140,3
E02001101,0
E02001138,3
E02001136,1
E02001139,2
E02005286,7
E02001135,3
E02001133,1
E02001134,7
E02005280,2
E02002256,4
E02002265,3
E02001132,3
E02001145,1
E02001144,1
E02001102,0
E02001098,0
E02001099,0
E02001110,2
E02001117,0
E02001123,0
E02001118,1
E02001229,1
E02001231,0
E02001235,1
E02001234,3
E02001245,1
E02001232,1
E02001230,0
E02001233,2
E02006860,5
E02001126,1
E02001124,0
E02001114,2
E02005947,0
E02005948,0
E02005953,0
E02005951,0
E02005950,1
E02005979,2
E02005980,2
E02005978,6
E02005969,3
E02005964,0
E02005963,5
E02005968,2
E02005972,1
E02005975,3
E02005971,1
E02005967,2
E02005992,3
E02005987,0
E02005966,1
E02005970,0
E02005988,0
E02005991,4
E02005984,0
E02003367,3
E02003368,0
E02005983,4
E02006007,2
E02005982,1
E02005981,0
E02005985,0
E02005930,3
E02005924,3
E02005928,5
E02005929,0
E02005921,2
E02005925,1
E02005926,3
E02005923,1
E02005922,0
E02005927,0
E02006005,1
E02006006,0
E02005999,2
E02005995,3
E02005942,2
E02005941,1
E02005940,0
E02005959,0
E02005939,1
E02005996,1
E02005937,1
E02005933,1
E02005935,1
E02005934,0
E02005932,0
E02006000,4
E02006002,2
E02006003,1
E02006001,2
E02005998,2
E02005997,0
E02005945,2
E02005949,1
E02005955,0
E02005943,1
E02005944,2
E02005952,1
E02005946,1
E02005958,0
E02005954,2
E02005956,1
E02005957,1
E02005938,0
E02005993,4
E02005960,1
E02003250,4
E02003246,0
E02003252,2
E02003249,5
E02003253,3
E02003248,4
E02003244,0
E02003243,1
E02003241,2
E02003255,0
E02005485,3
E02005486,2
E02005469,1
E02005470,3
E02005473,4
E02005471,3
E02005489,3
E02005488,6
E02005465,5
E02005466,1
E02005474,4
E02005472,3
E02005475,1
E02005468,1
E02003745,0
E02005467,3
E02005423,5
E02003744,4
E02003742,0
E02003743,4
E02005563,2
E02003746,2
E02005566,1
E02005565,1
E02003748,2
E02003751,5
E02003750,2
E02003749,1
E02003755,2
E02003757,0
E02003758,4
E02003754,0
E02003768,1
E02003760,1
E02003756,2
E02003759,1
E02003765,1
E02003763,0
E02003762,3
E02003254,2
E02003769,1
E02003764,2
E02003761,2
E02003766,0
E02003771,2
E02003773,2
E02003772,2
E02003774,3
E02006877,1
E02006878,3
E02003257,0
E02006864,3
E02005419,2
E02005420,1
E02005417,1
E02005418,1
E02006865,4
E02005440,1
E02005436,10
E02005437,9
E02005435,3
E02005438,1
E02003251,3
E02003245,0
E02003247,1
E02005561,3
E02005559,4
E02005557,1
E02005556,4
E02005555,2
E02005562,1
E02005560,0
E02005564,4
E02005554,1
E02005553,6
E02005509,5
E02005567,4
E02005558,1
E02005551,8
E02003238,0
E02003237,4
E02003239,2
E02003240,0
E02003747,5
E02003753,2
E02005491,2
E02005490,2
E02003145,11
E02003148,0
E02003150,1
E02003152,6
E02003141,9
E02003149,3
E02003144,10
E02003147,1
E02003903,1
E02003902,4
E02003898,1
E02003899,2
E02003900,4
E02003897,1
E02003892,1
E02003904,2
E02003901,2
E02003896,5
E02003895,4
E02003894,4
E02003893,2
E02003936,9
E02003935,4
E02004233,6
E02003135,1
E02003134,0
E02003132,1
E02003138,1
E02004235,3
E02004190,4
E02004193,5
E02004196,2
E02004194,3
E02004189,2
E02003957,3
E02003960,3
E02003959,2
E02003961,1
E02003962,4
E02003963,7
E02003964,2
E02003910,6
E02003958,2
E02003937,2
E02003956,1
E02003905,7
E02003953,2
E02003940,1
E02003939,3
E02003938,0
E02003941,6
E02003137,8
E02003146,7
E02003133,2
E02003142,1
E02003131,0
E02003942,2
E02003130,0
E02003127,3
E02003125,1
E02003129,0
E02003128,5
E02003124,2
E02003123,0
E02003126,2
E02003122,5
E02003140,4
E02003151,3
E02003139,0
E02003143,0
E02003136,8
E02004197,1
E02003153,2
E02003539,0
E02003536,1
E02004792,3
E02003541,2
E02003547,2
E02003538,1
E02003535,1
E02004774,7
E02004775,6
E02006569,6
E02006567,2
E02004777,5
E02004776,4
E02004778,7
E02004748,2
E02004745,5
E02004750,9
E02004749,7
E02004747,2
E02004743,0
E02004741,0
E02004742,1
E02004744,2
E02004739,5
E02004746,4
E02004740,5
E02004730,10
E02004737,3
E02004734,6
E02004735,2
E02004733,3
E02004728,6
E02004731,2
E02004732,2
E02004841,5
E02004729,3
E02004727,4
E02004736,1
E02004738,0
E02004840,2
E02004842,7
E02003527,0
E02006572,2
E02006568,1
E02006570,2
E02006571,6
E02003534,0
E02003530,2
E02003532,1
E02003531,0
E02003533,0
E02006574,9
E02006560,0
E02006573,5
E02006557,7
E02006558,21
E02006555,5
E02006556,4
E02006559,5
E02006553,1
E02003537,0
E02003540,3
E02003589,0
E02003593,1
E02003591,4
E02003588,3
E02003583,3
E02003597,0
E02003592,10
E02003582,2
E02003581,2
E02003587,5
E02003584,7
E02003590,3
E02003594,7
E02003586,7
E02003585,2
E02003595,1
E02003596,7
E02003598,5
E02003543,1
E02003542,0
E02003546,3
E02003548,7
E02003544,0
E02003545,6
E02006821,3
E02003526,4
E02004772,1
E02003529,1
E02003525,0
E02003524,0
E02004764,4
E02004768,2
E02004766,4
E02004710,1
E02004765,1
E02006831,2
E02006829,5
E02004709,1
E02006830,1
E02006822,7
E02004771,0
E02004770,0
E02004769,1
E02004767,1
E02005268,3
E02005287,1
E02005289,1
E02005269,0
E02005267,0
E02005264,0
E02005263,2
E02005258,9
E02005266,2
E02005259,3
E02005261,1
E02005262,1
E02005292,1
E02005291,0
E02005295,5
E02005290,4
E02005256,3
E02005265,4
E02005260,3
E02005255,1
E02005254,3
E02005257,2
E02005253,3
E02005814,3
E02005303,6
E02005301,3
E02005299,2
E02005300,4
E02005302,1
E02005298,2
E02005191,5
E02005297,2
E02005327,2
E02005325,2
E02005275,2
E02005205,1
E02005204,3
E02005296,2
E02005304,1
E02005294,2
E02005293,1
E02005189,6
E02005197,1
E02005194,3
E02005192,1
E02005198,0
E02005193,1
E02005196,4
E02005200,2
E02005201,3
E02001432,19
E02001435,7
E02001436,8
E02001437,19
E02001433,1
E02001440,0
E02001438,0
E02001439,1
E02001434,5
E02001431,17
E02001429,0
E02001430,2
E02003399,2
E02003405,0
E02003402,2
E02003398,0
E02003444,1
E02003400,4
E02003404,2
E02003446,0
E02003401,7
E02003395,0
E02003396,0
E02003377,2
E02003440,2
E02003439,2
E02003448,2
E02003442,0
E02003422,6
E02003353,2
E02003441,2
E02003451,4
E02003454,5
E02003453,0
E02003452,1
E02003458,14
E02003457,2
E02003447,4
E02003360,0
E02003456,2
E02003449,0
E02003361,0
E02003355,1
E02003359,0
E02003358,2
E02003357,0
E02003354,2
E02003362,0
E02003352,0
E02003429,3
E02003385,3
E02003378,2
E02003384,2
E02003379,4
E02003375,2
E02003380,1
E02003373,2
E02003383,0
E02003382,1
E02003386,2
E02003387,1
E02004678,0
E02004677,2
E02004694,2
E02003376,3
E02006634,3
E02006640,1
E02003406,1
E02003455,2
E02003450,8
E02004683,2
E02004686,3
E02004685,3
E02004690,6
E02004689,2
E02004682,1
E02004688,2
E02004681,2
E02004695,0
E02004693,0
E02004692,3
E02004687,1
E02004696,1
E02004684,4
E02004679,3
E02004680,0
E02004676,1
E02004675,5
E02004756,2
E02004821,0
E02003394,1
E02003403,1
E02003374,0
E02003381,3
E02003388,0
E02003397,1
E02003372,0
E02003393,3
E02003371,2
E02003370,9
E02003392,1
E02003389,2
E02003391,2
E02005976,2
E02003390,2
E02005977,4
E02003443,0
E02003445,1
E02003369,1
E02005974,3
E02005973,1
E02006385,6
E02006384,3
E02006383,9
E02006382,3
E02006435,2
E02006436,2
E02006388,5
E02006389,5
E02006438,6
E02006386,3
E02006387,0
E02006578,3
E02006577,1
E02006579,0
E02006581,6
E02006583,2
E02006575,1
E02006576,2
E02006605,3
E02006608,1
E02006582,0
E02006585,0
E02006610,6
E02006580,4
E02006588,1
E02006584,0
E02006586,0
E02006587,0
E02006593,7
E02006594,0
E02006595,4
E02006590,2
E02006592,6
E02006589,1
E02006591,3
E02006374,5
E02006597,1
E02006596,0
E02006599,0
E02006616,2
E02006618,6
E02006614,0
E02006612,8
E02006611,6
E02006613,0
E02004403,1
E02006604,6
E02006607,2
E02006437,7
E02006606,1
E02006371,5
E02006372,1
E02006373,2
E02006392,12
E02006391,2
E02006390,2
E02006434,3
E02000476,5
E02000480,3
E02000472,1
E02000003,0
E02000479,3
E02000475,6
E02000471,0
E02000466,2
E02000464,4
E02000474,1
E02000004,3
E02000007,1
E02000010,0
E02000011,3
E02000008,0
E02000005,0
E02006799,1
E02000015,0
E02000014,1
E02000021,1
E02000483,3
E02000484,1
E02000477,1
E02000478,5
E02000473,2
E02000485,0
E02000482,1
E02000489,0
E02000486,1
E02000488,1
E02000490,0
E02000493,0
E02000491,1
E02000492,3
E02000487,3
E02000481,3
E02003301,3
E02003303,2
E02003310,0
E02003302,2
E02003312,0
E02006859,0
E02006926,1
E02003311,6
E02003304,1
E02003305,2
E02003307,3
E02003308,1
E02003309,0
E02003313,1
E02000469,3
E02000467,1
E02000468,3
E02000002,2
E02000769,5
E02000013,0
E02006868,1
E02006843,0
E02001660,6
E02006844,1
E02001636,2
E02001649,0
E02001650,4
E02001608,1
E02001652,0
E02004105,2
E02001663,3
E02001632,4
E02001630,7
E02001633,2
E02001634,0
E02001579,3
E02001651,0
E02001653,0
E02001648,1
E02001640,5
E02001643,1
E02001638,1
E02001639,4
E02001656,0
E02001635,1
E02001646,2
E02001657,0
E02001665,0
E02001678,3
E02004068,1
E02001658,0
E02001662,3
E02006869,3
E02001655,2
E02001664,2
E02001672,1
E02001670,0
E02004106,1
E02006803,0
E02001666,0
E02001671,0
E02001654,1
E02001659,1
E02001647,3
E02001642,3
E02001604,4
E02001674,2
E02001661,4
E02004109,1
E02001681,1
E02001676,1
E02004108,4
E02004110,0
E02001675,1
E02001673,1
E02006804,4
E02001610,1
E02001637,0
E02004045,2
E02004057,5
E02001605,4
E02001603,0
E02001606,4
E02001609,1
E02001607,2
E02001629,3
E02006872,1
E02001618,2
E02001615,1
E02001619,1
E02001616,1
E02001614,4
E02001584,1
E02001613,1
E02001536,3
E02001611,3
E02001612,0
E02001532,1
E02001524,1
E02001620,1
E02001624,1
E02001623,1
E02004064,5
E02004063,4
E02004058,2
E02004059,4
E02004065,2
E02004061,2
E02004112,1
E02004066,6
E02004067,1
E02004062,2
E02004111,2
E02004055,3
E02004113,4
E02004060,3
E02004056,4
E02004049,4
E02004116,2
E02001617,1
E02001621,1
E02001625,3
E02001622,2
E02001627,0
E02001631,1
E02001626,0
E02001594,7
E02001593,4
E02001602,0
E02001589,1
E02001585,5
E02001591,4
E02001590,3
E02001600,5
E02001601,1
E02001598,2
E02001599,1
E02001628,0
E02001592,1
E02001588,2
E02001586,3
E02001583,0
E02001582,1
E02001581,1
E02001522,3
E02001528,7
E02001578,4
E02001533,2
E02001569,2
E02001580,2
E02001595,4
E02001596,2
E02001669,1
E02001521,3
E02001525,4
E02001523,2
E02001518,2
E02001526,1
E02001529,6
E02001520,1
E02001527,4
E02001517,2
E02001515,1
E02001519,4
E02001510,0
E02001511,1
E02001509,2
E02002475,2
E02001531,2
E02001514,3
E02001516,3
E02002477,2
E02002479,1
E02002482,4
E02001534,6
E02001537,1
E02001538,1
E02001513,2
E02001512,4
E02001679,0
E02001680,1
E02005847,2
E02005846,2
E02006903,4
E02005843,1
E02004047,4
E02005840,2
E02006802,1
E02000808,0
E02000812,1
E02000815,0
E02000809,0
E02000810,0
E02000816,0
E02000818,0
E02000822,0
E02000821,0
E02000824,0
E02000819,1
E02000820,0
E02006801,0
E02000619,0
E02000620,0
E02000979,1
E02006929,0
E02006930,1
E02000328,2
E02000659,2
E02006931,2
E02006928,0
E02000622,0
E02000621,1
E02000668,0
E02000675,3
E02000683,1
E02000669,9
E02000665,0
E02006927,1
E02000341,1
E02000661,1
E02000664,3
E02000670,1
E02000672,6
E02000663,0
E02000666,1
E02000660,0
E02000658,1
E02000655,1
E02000829,2
E02006798,0
E02000662,0
E02000657,0
E02000654,1
E02000828,0
E02000817,2
E02000832,1
E02000835,1
E02000834,0
E02000831,0
E02000830,1
E02000825,1
E02000826,0
E02000814,1
E02000807,0
E02000653,0
E02000813,0
E02000823,1
E02000319,2
E02000318,2
E02000323,4
E02006786,0
E02000332,1
E02000321,2
E02000327,1
E02000317,5
E02000324,4
E02000331,3
E02000316,1
E02000334,0
E02000650,0
E02000194,2
E02000839,2
E02000131,0
E02000200,5
E02000648,1
E02000320,2
E02000314,2
E02000315,2
E02000135,6
E02000837,0
E02000836,1
E02000838,1
E02000645,1
E02000642,1
E02000833,0
E02000671,0
E02000679,2
E02000676,2
E02000673,0
E02000667,0
E02000681,0
E02000680,0
E02000631,0
E02000635,0
E02000633,0
E02000827,0
E02000201,2
E02000687,4
E02000685,1
E02000644,0
E02000647,3
E02000313,1
E02000333,1
E02000326,1
E02000337,0
E02000626,0
E02000624,1
E02000674,9
E02000677,7
E02000335,0
E02000339,0
E02000343,0
E02004954,1
E02004951,1
E02004945,4
E02004949,1
E02004948,1
E02004913,4
E02004944,0
E02004946,2
E02004890,2
E02004883,0
E02004891,2
E02004889,5
E02004893,0
E02004894,3
E02004892,1
E02003608,3
E02004914,1
E02003611,3
E02003603,1
E02003604,4
E02003601,1
E02003612,1
E02003600,3
E02003599,0
E02004950,0
E02004947,0
E02004952,1
E02004955,1
E02004953,0
E02004918,1
E02004919,0
E02004920,5
E02004921,3
E02004916,1
E02004911,0
E02004917,2
E02004915,0
E02004912,6
E02003793,0
E02004910,1
E02004909,3
E02003792,5
E02004878,4
E02001202,1
E02001200,2
E02001193,1
E02001205,1
E02001209,3
E02001201,1
E02003868,0
E02003869,8
E02003866,0
E02003865,3
E02003867,2
E02003871,1
E02003862,4
E02003864,4
E02003853,3
E02003873,2
E02006204,4
E02003854,0
E02003855,3
E02001228,3
E02001224,2
E02001215,1
E02001203,1
E02004097,1
E02004098,3
E02004100,2
E02004094,2
E02004095,2
E02004093,1
E02001256,4
E02004096,2
E02001251,1
E02001258,2
E02001248,0
E02001250,2
E02001196,1
E02001255,0
E02001243,0
E02001191,1
E02001237,4
E02001236,2
E02001244,0
E02001246,3
E02004104,0
E02004102,11
E02004103,2
E02001207,1
E02001210,1
E02001217,1
E02001213,3
E02001208,3
E02001204,2
E02001212,1
E02001197,0
E02001189,1
E02001194,2
E02001187,0
E02001190,3
E02001195,2
E02001198,2
E02001206,5
E02001227,1
E02003856,1
E02001218,1
E02001223,2
E02001219,1
E02001221,3
E02001214,0
E02001216,0
E02001220,0
E02001226,2
E02001222,0
E02001225,0
E02003858,1
E02003860,0
E02003857,0
E02003695,2
E02003692,4
E02003417,3
E02003416,0
E02003415,5
E02003413,1
E02003414,0
E02003408,0
E02003410,1
E02003412,1
E02003409,2
E02003407,0
E02003694,2
E02003425,1
E02003411,1
E02003689,4
E02003420,0
E02003418,1
E02003419,1
E02003431,3
E02003430,0
E02003432,1
E02003435,0
E02003436,3
E02003437,3
E02006394,2
E02003434,3
E02003433,0
E02003438,4
E02003424,5
E02003427,1
E02003428,1
E02003426,4
E02003421,1
E02003423,2
E02003718,3
E02003717,1
E02003690,2
E02000846,5
E02000857,9
E02000853,1
E02000855,1
E02000861,6
E02000852,3
E02000842,2
E02000844,0
E02000841,1
E02000854,3
E02000860,6
E02006376,12
E02000849,2
E02000713,3
E02000709,1
E02000703,0
E02000712,2
E02000711,4
E02000856,3
E02000859,12
E02003226,2
E02003230,3
E02003223,0
E02006642,0
E02003234,2
E02003228,0
E02003212,3
E02003220,4
E02003235,3
E02003232,6
E02003236,5
E02003221,1
E02006638,1
E02006637,3
E02006636,9
E02006641,4
E02006658,2
E02006657,2
E02006655,4
E02006664,0
E02006650,2
E02006656,0
E02006680,4
E02006678,1
E02006659,2
E02006660,3
E02006651,0
E02006653,3
E02006652,6
E02006654,9
E02006647,1
E02006646,5
E02003233,0
E02003218,4
E02003217,2
E02003214,0
E02006847,1
E02003216,3
E02003215,2
E02006848,0
E02006849,2
E02003219,2
E02003227,0
E02003231,1
E02003224,0
E02003225,0
E02006649,2
E02003229,2
E02003222,0
E02005986,2
E02006635,8
E02003577,0
E02003571,2
E02003569,3
E02003567,0
E02003560,0
E02003570,1
E02003561,4
E02003568,3
E02003565,6
E02003559,1
E02003554,6
E02003563,1
E02003558,1
E02003555,0
E02003552,1
E02003550,0
E02003549,1
E02004828,3
E02004826,4
E02003562,3
E02003553,0
E02003551,0
E02004717,1
E02003557,1
E02003572,2
E02003556,0
E02003564,2
E02004720,7
E02003566,0
E02004722,4
E02004724,4
E02003573,1
E02003575,1
E02003574,0
E02003578,1
E02003576,2
E02003579,9
E02004723,4
E02003580,2
E02004822,3
E02004834,0
E02004820,1
E02004830,0
E02004838,3
E02004832,1
E02004837,1
E02004831,6
E02004829,1
E02004713,1
E02004825,3
E02004836,1
E02004835,4
E02004833,4
E02004719,4
E02004721,3
E02004725,5
E02004726,1
E02004801,6
E02004795,2
E02004791,1
E02004784,10
E02004781,5
E02004783,0
E02004785,5
E02004780,1
E02004782,4
E02004786,2
E02004787,2
E02004789,2
E02004797,0
E02006675,0
E02004824,3
E02004712,3
E02004714,2
E02004827,1
E02004718,1
E02004715,1
E02004716,2
E02004823,1
E02006671,10
E02006672,5
E02006673,1
E02006670,6
E02006674,2
E02006666,2
E02006668,4
E02004817,2
E02004816,3
E02004819,2
E02004815,0
E02004818,2
E02004814,1
E02006643,0
E02006677,3
E02006667,0
E02006661,0
E02006663,7
E02006676,1
E02006662,0
E02004779,3
E02004257,3
E02004255,2
E02001803,3
E02001806,4
E02001796,0
E02001795,2
E02001814,3
E02001801,1
E02001802,0
E02001812,18
E02001818,2
E02001821,0
E02001808,0
E02001817,1
E02001816,2
E02001819,1
E02001813,1
E02001804,2
E02001811,1
E02001805,4
E02001791,0
E02001794,4
E02001798,2
E02001793,1
E02001792,6
E02004321,7
E02004322,3
E02004320,2
E02004329,1
E02004325,5
E02004328,1
E02004327,2
E02004330,3
E02003283,4
E02003282,6
E02003288,5
E02003280,0
E02003285,3
E02003293,13
E02003290,30
E02003292,5
E02003294,2
E02003287,4
E02003295,3
E02004428,3
E02004568,2
E02004430,3
E02004431,1
E02003296,0
E02004434,1
E02004441,2
E02004435,1
E02004438,4
E02004436,1
E02004445,2
E02004442,0
E02004440,0
E02004439,1
E02004444,3
E02004443,1
E02003298,3
E02003300,0
E02003297,1
E02003284,1
E02004572,2
E02004569,3
E02003291,0
E02004566,2
E02004565,0
E02004564,2
E02004567,1
E02004563,0
E02004570,2
E02004571,1
E02004474,2
E02004477,0
E02004476,1
E02004478,2
E02004475,0
E02004479,3
E02004473,0
E02004483,2
E02004484,2
E02004482,2
E02004481,0
E02004480,0
E02003281,2
E02003289,3
E02003286,2
E02003279,2
E02002965,11
E02002966,0
E02002963,0
E02002961,0
E02002959,4
E02002964,4
E02002962,1
E02002958,1
E02002960,1
E02006214,1
E02006216,2
E02006213,1
E02006209,3
E02006215,3
E02006212,3
E02006191,2
E02006188,8
E02002979,5
E02006189,4
E02002982,0
E02002984,3
E02006208,2
E02006133,5
E02006132,2
E02006195,1
E02006190,8
E02006192,1
E02006199,6
E02006194,4
E02006193,0
E02006197,2
E02006196,0
E02006198,6
E02006201,0
E02006174,1
E02006200,0
E02006203,0
E02006202,2
E02006176,1
E02006175,1
E02006009,2
E02002967,3
E02002957,2
E02002954,1
E02006211,3
E02002972,0
E02002971,0
E02002975,1
E02002976,3
E02002977,6
E02002981,3
E02002974,4
E02002978,1
E02002983,0
E02002969,1
E02002970,3
E02002968,4
E02002973,0
E02002980,3
E02006168,6
E02006166,5
E02006172,1
E02006165,3
E02006163,3
E02006167,2
E02006171,1
E02006164,3
E02006161,2
E02002955,1
E02002956,6
E02002952,4
E02006158,1
E02002951,3
E02002953,1
E02006159,2
E02006160,4
E02003823,2
E02003824,1
E02006206,2
E02000394,0
E02000597,0
E02000596,1
E02000595,1
E02000391,1
E02000593,0
E02000592,1
E02000930,0
E02000934,3
E02000931,0
E02000937,0
E02000941,2
E02000929,0
E02000925,0
E02000926,1
E02000923,3
E02000924,0
E02000927,0
E02000939,1
E02000640,0
E02000639,0
E02000636,0
E02000943,0
E02000948,3
E02000643,4
E02000949,3
E02000951,2
E02000952,0
E02000786,1
E02000784,1
E02000536,4
E02000788,1
E02000787,0
E02000928,0
E02000933,0
E02000932,0
E02000936,1
E02000942,0
E02000938,1
E02000945,2
E02000944,2
E02000935,2
E02000646,6
E02000649,11
E02000959,2
E02000958,0
E02000953,0
E02000946,0
E02000689,0
E02000956,0
E02000955,0
E02000954,0
E02000957,4
E02000691,2
E02000693,1
E02000940,0
E02000947,0
E02000589,0
E02000694,3
E02000697,0
E02000692,1
E02000699,0
E02000690,3
E02000698,2
E02000950,0
E02000982,0
E02000594,1
E02000980,1
E02000380,1
E02000983,1
E02000981,0
E02000978,0
E02000588,0
E02000637,0
E02000638,1
E02000628,1
E02000641,1
E02000632,1
E02000634,1
E02000630,0
E02000590,0
E02000629,0
E02000625,1
E02000623,0
E02000627,0
E02000587,0
E02000591,0
E02000392,0
E02000388,1
E02000386,0
E02000396,1
E02000395,0
E02000393,0
E02000389,0
E02000390,0
E02000387,0
E02000385,1
E02000586,1
E02006033,4
E02006031,4
E02006028,5
E02006029,0
E02006030,2
E02006038,3
E02006035,2
E02006025,3
E02006026,1
E02006027,2
E02006024,3
E02006017,1
E02006021,4
E02006015,4
E02006022,3
E02006041,3
E02006032,1
E02006036,3
E02006040,5
E02006039,4
E02006034,2
E02006037,5
E02002937,8
E02006019,6
E02006042,4
E02006045,9
E02006105,4
E02006108,8
E02006107,5
E02006104,7
E02006109,1
E02006103,2
E02006106,9
E02006116,3
E02006081,3
E02006078,3
E02006084,1
E02006077,1
E02006095,3
E02006093,3
E02006100,5
E02006099,1
E02006102,2
E02006074,5
E02006096,2
E02006097,4
E02006110,3
E02006111,6
E02006101,2
E02006115,0
E02006113,7
E02006067,1
E02006069,3
E02006071,3
E02006073,3
E02006068,1
E02006070,1
E02006066,1
E02006064,11
E02006065,1
E02005706,5
E02002939,3
E02002938,1
E02002933,2
E02002944,0
E02006020,3
E02002936,2
E02002945,0
E02002941,1
E02002934,0
E02002935,0
E02002930,1
E02002928,2
E02002929,4
E02002931,0
E02006008,1
E02002949,4
E02006010,3
E02002932,3
E02002940,2
E02002942,2
E02002947,1
E02002946,1
E02002943,3
E02002950,0
E02002948,1
E02006018,4
E02005169,0
E02005173,2
E02005160,3
E02005164,2
E02005171,1
E02005168,4
E02005170,5
E02005158,1
E02005157,2
E02005159,0
E02005165,2
E02005162,1
E02005161,1
E02005163,2
E02005167,3
E02005101,0
E02005154,2
E02005098,5
E02005086,5
E02005172,0
E02005097,4
E02005096,2
E02005095,0
E02005099,1
E02005174,3
E02005175,3
E02005008,3
E02005006,1
E02004392,2
E02004393,4
E02004394,4
E02004413,6
E02005166,1
E02004404,1
E02004411,2
E02004407,1
E02004410,2
E02004412,2
E02004414,2
E02005000,1
E02004999,3
E02005004,1
E02005002,2
E02005003,1
E02005007,7
E02005005,7
E02005001,3
E02004998,3
E02005009,1
E02005113,12
E02005114,5
E02004395,1
E02004396,6
E02004397,5
E02004376,3
E02004368,3
E02004375,12
E02004378,6
E02004373,6
E02004370,1
E02004371,2
E02004369,13
E02004372,0
E02004374,3
E02004377,14
E02004401,6
E02004402,17
E02004398,3
E02004399,10
E02004406,10
E02004405,0
E02004408,0
E02005100,3
E02003161,6
E02003163,16
E02003156,0
E02003159,4
E02003155,8
E02003157,3
E02003158,6
E02003154,3
E02004211,4
E02004219,3
E02004191,7
E02004217,3
E02004214,1
E02004215,10
E02004213,3
E02004212,3
E02004209,2
E02004216,0
E02004218,1
E02004192,0
E02004207,0
E02004199,1
E02004210,8
E02006840,3
E02003164,7
E02003167,12
E02003165,2
E02003166,0
E02003168,3
E02003169,2
E02003171,3
E02003170,3
E02004195,2
E02004198,3
E02004200,0
E02003908,4
E02003912,2
E02003909,6
E02003914,1
E02003915,2
E02003927,2
E02003926,4
E02003913,1
E02003917,0
E02003916,3
E02003911,2
E02003930,4
E02003928,3
E02003929,1
E02003924,5
E02003923,5
E02003918,4
E02003946,5
E02003925,2
E02003922,1
E02003919,1
E02003920,6
E02003921,2
E02003907,4
E02003947,3
E02003949,4
E02003948,2
E02003951,1
E02003950,1
E02003945,3
E02006781,1
E02003943,1
E02003944,5
E02003906,8
E02003954,7
E02003955,3
E02003952,3
E02002498,1
E02002496,5
E02002500,4
E02002504,2
E02002503,0
E02006910,2
E02002515,11
E02002516,0
E02002517,0
E02002518,0
E02002519,3
E02002520,1
E02002525,4
E02002534,2
E02002521,7
E02002526,1
E02002524,2
E02002530,1
E02002527,3
E02005796,0
E02002532,3
E02002533,1
E02002558,2
E02002546,4
E02002556,0
E02002555,2
E02002549,1
E02002548,6
E02002553,2
E02002554,2
E02002557,2
E02002551,4
E02002552,0
E02002510,0
E02002513,4
E02002550,4
E02002544,6
E02002538,3
E02002547,2
E02002543,2
E02002542,1
E02002545,2
E02002537,1
E02002523,1
E02002541,4
E02002540,0
E02002536,1
E02006909,2
E02002535,1
E02002484,4
E02002489,5
E02002487,0
E02002485,1
E02002490,3
E02002483,0
E02002493,4
E02002492,2
E02002491,1
E02002494,1
E02002488,3
E02004332,2
E02002505,1
E02002502,1
E02006812,1
E02002497,1
E02002499,2
E02002501,4
E02002506,6
E02006811,3
E02002509,2
E02002507,1
E02002508,1
E02002529,1
E02002514,4
E02002512,1
E02005750,0
E02000794,2
E02000545,1
E02000790,0
E02000792,4
E02000797,1
E02000800,0
E02000798,1
E02000799,1
E02000801,2
E02000785,2
E02000789,1
E02000791,2
E02000802,5
E02000803,2
E02006412,0
E02000550,1
E02000552,0
E02000549,3
E02000551,2
E02000553,1
E02000547,0
E02000538,0
E02000546,0
E02000525,0
E02000548,0
E02006404,2
E02000524,0
E02006407,1
E02006408,0
E02006414,2
E02006405,1
E02006409,3
E02006410,1
E02006413,4
E02006406,1
E02006411,1
E02006395,1
E02006403,2
E02000796,6
E02000793,4
E02006393,1
E02000543,0
E02000540,2
E02000537,3
E02000542,3
E02000544,0
E02000541,2
E02000535,0
E02000529,0
E02000530,0
E02000531,2
E02000539,1
E02000534,3
E02000528,0
E02000533,0
E02000276,0
E02000263,2
E02000520,1
E02000260,3
E02000254,2
E02000251,1
E02000247,2
E02000249,1
E02000266,2
E02000508,2
E02000510,2
E02000506,3
E02000509,1
E02000512,3
E02000507,1
E02000504,1
E02000518,2
E02000521,1
E02000274,0
E02000275,2
E02000272,1
E02000523,0
E02000517,2
E02000519,0
E02000514,1
E02000513,0
E02000516,2
E02000511,2
E02000241,0
E02000240,0
E02000238,1
E02000245,0
E02000246,0
E02000243,5
E02000244,0
E02000522,3
E02000515,1
E02000496,3
E02000963,0
E02000375,0
E02000255,2
E02000578,2
E02000579,3
E02000580,0
E02000581,0
E02000969,6
E02000973,0
E02000583,0
E02000582,1
E02000584,0
E02000585,0
E02000374,0
E02000373,0
E02000377,0
E02000376,0
E02000382,1
E02000379,1
E02000378,0
E02000261,1
E02000526,1
E02000253,0
E02000265,1
E02000256,2
E02000250,1
E02000267,1
E02000269,2
E02000268,2
E02000381,0
E02000383,1
E02000966,0
E02000975,0
E02000270,0
E02000976,0
E02000258,2
E02000271,0
E02000257,5
E02000262,2
E02006791,0
E02006792,1
E02000264,2
E02000532,0
E02000384,1
E02000259,0
E02002607,1
E02002606,4
E02002601,1
E02002600,0
E02002603,0
E02001417,2
E02001419,3
E02001409,0
E02001412,3
E02001421,1
E02001413,0
E02001411,2
E02001416,1
E02001410,2
E02001408,1
E02001406,2
E02001420,2
E02001415,1
E02001418,0
E02001325,2
E02002592,5
E02002610,4
E02001282,2
E02001283,2
E02001285,4
E02001284,0
E02001286,2
E02001281,0
E02003863,0
E02003861,1
E02002596,1
E02002597,1
E02002595,0
E02002602,0
E02001326,0
E02001324,1
E02001321,1
E02001312,0
E02002590,2
E02002591,2
E02002593,3
E02002594,0
E02002609,2
E02002611,3
E02002612,3
E02002613,1
E02002614,1
E02002582,4
E02002608,4
E02002605,1
E02002604,1
E02002598,5
E02002599,3
E02003874,2
E02002588,3
E02002585,2
E02002583,0
E02002586,1
E02002584,1
E02002589,0
E02002587,0
E02002576,5
E02002580,2
E02002575,1
E02002577,2
E02002578,0
E02002579,3
E02001422,2
E02001425,4
E02004978,2
E02004976,2
E02004972,0
E02004973,0
E02004974,6
E02004975,1
E02004907,2
E02004979,2
E02004967,1
E02004977,2
E02004961,0
E02004971,3
E02004903,3
E02004970,1
E02004905,3
E02004969,0
E02004968,2
E02004957,3
E02004959,4
E02004962,5
E02004960,1
E02004902,0
E02004901,1
E02004906,2
E02004904,1
E02002454,3
E02002465,1
E02002456,0
E02002467,2
E02002451,3
E02002472,0
E02002445,4
E02002443,0
E02002457,1
E02002453,3
E02002469,0
E02002439,4
E02002441,3
E02002440,1
E02002442,3
E02002450,2
E02002438,4
E02002461,7
E02002446,2
E02002448,2
E02002471,1
E02002447,3
E02002452,4
E02002294,2
E02002298,1
E02002462,1
E02002293,0
E02002287,5
E02002288,3
E02002284,0
E02002277,1
E02002283,1
E02002458,1
E02002289,3
E02002286,4
E02002282,1
E02002281,4
E02002291,2
E02002290,0
E02002285,8
E02002276,1
E02002280,1
E02002459,4
E02002437,0
E02002470,1
E02002474,0
E02002473,1
E02002463,1
E02002436,3
E02002476,3
E02002468,2
E02002466,1
E02002464,3
E02002455,0
E02002449,3
E02002460,2
E02002478,0
E02002480,2
E02002481,3
E02001294,2
E02001292,3
E02001301,3
E02001295,1
E02001298,3
E02001290,2
E02001288,4
E02001293,1
E02001299,3
E02001302,2
E02001310,1
E02001305,1
E02001319,3
E02001306,0
E02001307,0
E02001318,0
E02001304,0
E02001322,3
E02001297,1
E02001300,4
E02001296,2
E02005318,3
E02001407,2
E02001287,1
E02001291,0
E02001289,0
E02001316,0
E02001323,0
E02005313,2
E02005317,0
E02005316,2
E02005314,4
E02006744,1
E02006736,0
E02006740,0
E02006737,0
E02006746,2
E02006745,5
E02006759,2
E02006756,3
E02006757,2
E02006762,1
E02006764,5
E02006763,5
E02006761,1
E02006765,1
E02006760,2
E02006714,4
E02006716,1
E02006713,5
E02006712,6
E02006715,1
E02006719,6
E02006718,4
E02006742,3
E02006739,1
E02006734,4
E02006738,0
E02006743,0
E02006741,2
E02006735,0
E02006747,0
E02006751,4
E02006749,0
E02006750,1
E02006752,3
E02002139,4
E02002133,4
E02002135,1
E02002138,1
E02002147,1
E02002146,1
E02002143,1
E02002140,2
E02002045,0
E02002043,7
E02002046,0
E02002145,0
E02002142,4
E02002136,3
E02006129,2
E02006128,1
E02006124,1
E02006125,1
E02006127,2
E02006126,4
E02006122,0
E02006130,0
E02006177,1
E02006121,1
E02006123,4
E02006118,5
E02006149,1
E02006150,4
E02006152,1
E02006148,1
E02006154,5
E02006120,1
E02006146,3
E02006119,4
E02002132,1
E02002122,3
E02002126,0
E02002127,3
E02002130,1
E02002117,2
E02002128,1
E02002121,4
E02002115,0
E02002118,0
E02006180,3
E02002112,1
E02002114,2
E02002110,2
E02002119,0
E02002125,2
E02006178,2
E02006155,1
E02006151,3
E02002111,1
E02002113,3
E02002116,3
E02002124,2
E02002163,1
E02002168,2
E02002164,0
E02002161,0
E02002166,1
E02002171,0
E02006894,8
E02002165,5
E02002159,0
E02002156,3
E02002160,2
E02002154,1
E02002149,1
E02002150,1
E02006179,0
E02002152,2
E02002155,2
E02002158,1
E02002120,0
E02002123,1
E02002153,0
E02002134,3
E02002129,0
E02002170,0
E02002175,5
E02002181,1
E02002177,3
E02006012,2
E02006011,1
E02002162,7
E02002178,6
E02002174,3
E02002169,5
E02002176,0
E02002167,0
E02002179,2
E02002180,3
E02002157,1
E02006181,1
E02006183,1
E02006184,0
E02006182,4
E02002151,0
E02002784,1
E02002787,0
E02002778,3
E02002793,1
E02002782,2
E02002792,1
E02002788,3
E02002790,4
E02002781,3
E02002774,3
E02005759,2
E02002786,0
E02002795,0
E02002780,2
E02002776,0
E02002794,4
E02002791,3
E02002785,1
E02002783,1
E02005800,3
E02005798,2
E02005804,11
E02005801,4
E02005802,2
E02005799,3
E02005805,0
E02005806,2
E02005807,1
E02005808,6
E02002689,2
E02005803,5
E02005791,0
E02005789,6
E02002684,7
E02002685,1
E02002687,9
E02002688,6
E02002686,6
E02006870,5
E02005794,1
E02005788,1
E02005811,2
E02002789,1
E02005795,7
E02005797,2
E02006891,2
E02002691,2
E02006892,3
E02002694,3
E02005760,3
E02002779,0
E02002773,1
E02002775,2
E02002777,2
E02002772,2
E02002692,1
E02002698,2
E02005758,1
E02005757,2
E02005813,7
E02005815,0
